Id,ActivityDate,TotalSteps,TotalDistance,TrackerDistance,LoggedActivitiesDistance,VeryActiveDistance,ModeratelyActiveDistance,LightActiveDistance,SedentaryActiveDistance,VeryActiveMinutes,FairlyActiveMinutes,LightlyActiveMinutes,SedentaryMinutes,Calories,likely_not_worn,TotalSleepRecords,TotalMinutesAsleep,TotalTimeInBed,DayOfWeek,DayOfWeekNum
4057192912,2016-03-14,8433,6.23000001907349,6.23000001907349,0,2.45000004768372,0.330000013113022,3.44000005722046,0,30,7,135,1268,2453,false,,,,Monday,2
4020332650,2016-03-16,12483,8.98999977111816,8.98999977111816,0,1.45000004768372,0.569999992847443,6.90000009536743,0,25,14,309,599,3830,false,,,,Wednesday,4
4057192912,2016-03-23,7239,5.34000015258789,5.34000015258789,0,0.550000011920929,0.360000014305115,4.38000011444092,0,7,7,190,1236,2484,false,,,,Wednesday,4
1503960366,2016-03-25,11004,7.1100001335144,7.1100001335144,0,2.5699999332428,0.46000000834465,4.07000017166138,0,33,12,205,804,1819,false,,,,Friday,6
1503960366,2016-03-26,17609,11.5500001907349,11.5500001907349,0,6.92000007629395,0.730000019073486,3.91000008583069,0,89,17,274,588,2154,false,,,,Saturday,7
1503960366,2016-03-27,12736,8.52999973297119,8.52999973297119,0,4.65999984741211,0.159999996423721,3.71000003814697,0,56,5,268,605,1944,false,,,,Sunday,1
1503960366,2016-03-28,13231,8.93000030517578,8.93000030517578,0,3.19000005722046,0.790000021457672,4.94999980926514,0,39,20,224,1080,1932,false,,,,Monday,2
4020332650,2016-03-28,2106,1.50999999046326,1.50999999046326,0,0.0199999995529652,0.0500000007450581,0.209999993443489,0,31,45,75,1289,4010,false,,,,Monday,2
2347167796,2016-03-29,10272,6.78999996185303,6.78999996185303,0,0.159999996423721,3.11999988555908,3.5,0,2,58,208,700,2041,false,,,,Tuesday,3
4319703577,2016-03-29,5643,3.78999996185303,3.78999996185303,0,0.230000004172325,0.330000013113022,3.23000001907349,0,3,8,199,683,1958,false,,,,Tuesday,3
1503960366,2016-03-29,12041,7.84999990463257,7.84999990463257,0,2.16000008583069,1.0900000333786,4.6100001335144,0,28,28,243,763,1886,false,,,,Tuesday,3
6962181067,2016-03-30,15491,10.2399997711182,10.2399997711182,0,1.28999996185303,4.48999977111816,4.46000003814697,0,18,77,272,641,2244,false,,,,Wednesday,4
1503960366,2016-03-30,10970,7.15999984741211,7.15999984741211,0,2.35999989509583,0.509999990463257,4.28999996185303,0,30,13,223,1174,1820,false,,,,Wednesday,4
2347167796,2016-03-30,10533,7.09999990463257,7.09999990463257,0,1.76999998092651,2.05999994277954,3.26999998092651,0,21,35,255,615,2187,false,,,,Wednesday,4
1503960366,2016-03-31,12256,7.8600001335144,7.8600001335144,0,2.28999996185303,0.490000009536743,5.03999996185303,0,33,12,239,820,1889,false,,,,Thursday,5
6962181067,2016-03-31,14097,9.31999969482422,9.31999969482422,0,3.5,1.91999995708466,3.90000009536743,0,50,32,234,595,2188,false,,,,Thursday,5
1624580081,2016-03-31,4506,2.9300000667572,2.9300000667572,0,0.509999990463257,0.270000010728836,2.15000009536743,0.00999999977648258,7,4,144,1285,1498,false,,,,Thursday,5
4020332650,2016-03-31,7428,5.32999992370605,5.32999992370605,0,0.870000004768372,0.920000016689301,3.50999999046326,0,18,33,261,860,3439,false,,,,Thursday,5
1503960366,2016-04-01,12262,7.86999988555908,7.86999988555908,0,3.3199999332428,0.829999983310699,3.64000010490417,0,47,21,200,866,1868,false,,,,Friday,6
1844505072,2016-04-01,6847,4.53000020980835,4.53000020980835,0,0.610000014305115,0.370000004768372,3.54999995231628,0,9,9,251,1171,1969,false,,,,Friday,6
2022484408,2016-04-01,13603,9.60000038146973,9.60000038146973,0,5.46000003814697,0.629999995231628,3.50999999046326,0,72,16,213,1139,2645,false,,,,Friday,6
4319703577,2016-04-01,9343,6.26999998092651,6.26999998092651,0,0.959999978542328,0.850000023841858,4.46000003814697,0,14,20,268,654,2216,false,,,,Friday,6
6962181067,2016-04-01,10467,6.98000001907349,6.98000001907349,0,0.699999988079071,2.4300000667572,3.84999990463257,0,9,45,252,602,2014,false,,,,Friday,6
7007744171,2016-04-01,11680,9.0600004196167,7.80999994277954,4.901282787323,4.48999977111816,0.330000013113022,4.23999977111816,0,50,7,244,1139,2573,false,,,,Friday,6
5577150313,2016-04-01,10461,7.86999988555908,7.86999988555908,0,4.76000022888184,0.850000023841858,2.25,0,99,31,142,721,3625,false,,,,Friday,6
4020332650,2016-04-01,5351,3.83999991416931,3.83999991416931,0,0.620000004768372,0.180000007152557,3.00999999046326,0,15,17,210,748,3338,false,,,,Friday,6
8877689391,2016-04-01,18700,15.8199996948242,15.8199996948242,0,8.69999980926514,0.159999996423721,6.90999984741211,0,67,3,247,1123,3527,false,,,,Friday,6
5553957443,2016-04-01,12409,8.10000038146973,8.10000038146973,0,2.90000009536743,0.629999995231628,4.57999992370605,0,51,12,235,782,2142,false,,,,Friday,6
6775888955,2016-04-01,7225,5.17999982833862,5.17999982833862,0,1.73000001907349,1.26999998092651,2.1800000667572,0,25,50,163,1189,3065,false,,,,Friday,6
7086361926,2016-04-01,11463,7.67000007629395,7.67000007629395,0,2.82999992370605,1.88999998569489,2.9300000667572,0,38,30,154,777,2496,false,,,,Friday,6
8378563200,2016-04-01,14179,11.2399997711182,11.2399997711182,0,6.23000001907349,1.05999994277954,3.96000003814697,0,73,21,195,719,3669,false,,,,Friday,6
8792009665,2016-04-01,4592,2.94000005722046,2.94000005722046,0,0.100000001490116,0.140000000596046,2.70000004768372,0,4,8,176,748,2260,false,,,,Friday,6
2347167796,2016-04-02,15459,10.2200002670288,10.2200002670288,0,3.58999991416931,0.810000002384186,5.82000017166138,0,51,16,327,583,2438,false,,,,Saturday,7
4020332650,2016-04-02,4299,3.09999990463257,3.09999990463257,0,0.0900000035762787,0.209999993443489,2.74000000953674,0.0399999991059303,3,15,162,752,2892,false,,,,Saturday,7
8877689391,2016-04-02,27572,23.3899993896484,23.3899993896484,0,14.7200002670288,1.21000003814697,7.34000015258789,0.00999999977648258,116,24,260,1040,4220,false,,,,Saturday,7
6117666160,2016-04-02,19658,14.8400001525879,14.8400001525879,0,0.239999994635582,2.08999991416931,12.5100002288818,0,3,30,475,466,2884,false,,,,Saturday,7
4319703577,2016-04-02,8405,5.65999984741211,5.65999984741211,0,1.12999999523163,0.189999997615814,4.34000015258789,0,15,4,257,621,2154,false,,,,Saturday,7
6391747486,2016-04-02,2101,2.02999997138977,0,2.02777290344238,2.02999997138977,0,0,0,46,0,0,1394,2224,false,,,,Saturday,7
1644430081,2016-04-02,20237,14.710000038147,14.710000038147,0,2.5699999332428,6.40000009536743,5.73000001907349,0.00999999977648258,34,141,347,918,4029,false,,,,Saturday,7
7007744171,2016-04-02,10976,7.34000015258789,7.34000015258789,0,0.550000011920929,0.670000016689301,6.13000011444092,0,9,16,271,1075,2575,false,,,,Saturday,7
5577150313,2016-04-02,14873,11.1099996566772,11.1099996566772,0,8.1899995803833,0.600000023841858,2.30999994277954,0,202,36,153,663,4430,false,,,,Saturday,7
3372868164,2016-04-02,7625,5.23000001907349,5.23000001907349,0,1.67999994754791,0.0399999991059303,3.5,0.00999999977648258,24,1,341,1074,2069,false,,,,Saturday,7
8792009665,2016-04-02,8452,5.40999984741211,5.40999984741211,0,0.259999990463257,0.389999985694885,4.76000022888184,0,9,24,328,1079,3004,false,,,,Saturday,7
6962181067,2016-04-02,12437,8.30000019073486,8.30000019073486,0,3.75999999046326,1.28999996185303,3.24000000953674,0,50,24,219,732,2115,false,,,,Saturday,7
6290855005,2016-04-02,9548,7.21999979019165,7.21999979019165,0,2.01999998092651,3.6800000667572,1.51999998092651,0,25,107,113,1195,3119,false,,,,Saturday,7
8053475328,2016-04-02,20188,15.6199998855591,15.6199998855591,0,12.0600004196167,0.850000023841858,2.71000003814697,0,124,19,172,1125,3377,false,,,,Saturday,7
1503960366,2016-04-02,11248,7.25,7.25,0,3,0.449999988079071,3.74000000953674,0,40,11,244,636,1843,false,,,,Saturday,7
2022484408,2016-04-03,11144,7.82000017166138,7.82000017166138,0,1.78999996185303,0.889999985694885,5.1399998664856,0,25,22,279,1114,2395,false,,,,Sunday,1
7086361926,2016-04-03,1949,1.30999994277954,1.30999994277954,0,0.230000004172325,0.349999994039536,0.730000019073486,0,3,6,27,1404,1794,false,,,,Sunday,1
3977333714,2016-04-03,11508,7.69999980926514,7.69999980926514,0,2.17000007629395,0.839999973773956,4.69000005722046,0,29,22,282,748,1630,false,,,,Sunday,1
8053475328,2016-04-03,25701,20.1399993896484,20.1399993896484,0,16.8199996948242,1.62999999523163,1.69000005722046,0,165,36,97,1142,3697,false,,,,Sunday,1
7007744171,2016-04-03,16806,11.2399997711182,11.2399997711182,0,6.40999984741211,1.37000000476837,3.47000002861023,0,104,31,230,1002,3086,false,,,,Sunday,1
1503960366,2016-04-03,10016,6.36999988555908,6.36999988555908,0,0.910000026226044,1.27999997138977,4.17999982833862,0,15,30,314,655,1850,false,,,,Sunday,1
2873212765,2016-04-03,7640,5.13000011444092,5.13000011444092,0,0.189999997615814,0.800000011920929,4.15000009536743,0,3,15,315,1107,1845,false,,,,Sunday,1
8792009665,2016-04-03,7238,4.63000011444092,4.63000011444092,0,0.109999999403954,0.230000004172325,4.28999996185303,0,2,6,279,636,2667,false,,,,Sunday,1
6962181067,2016-04-03,12307,8.14000034332275,8.14000034332275,0,1.00999999046326,3.25999999046326,3.86999988555908,0,14,51,218,589,2055,false,,,,Sunday,1
1644430081,2016-04-03,12912,9.40999984741211,9.40999984741211,0,4.82999992370605,0.769999980926514,3.78999996185303,0.0299999993294477,59,16,283,1082,3436,false,,,,Sunday,1
8378563200,2016-04-03,9152,7.26000022888184,7.26000022888184,0,1.99000000953674,0.819999992847443,4.44999980926514,0,25,13,243,600,3304,false,,,,Sunday,1
4319703577,2016-04-03,8223,5.51999998092651,5.51999998092651,0,0.800000011920929,1.50999999046326,3.21000003814697,0,12,37,257,551,2178,false,,,,Sunday,1
8877689391,2016-04-03,15260,8.1899995803833,8.1899995803833,0,1.79999995231628,0.75,5.57000017166138,0,106,17,259,1058,3864,false,,,,Sunday,1
5577150313,2016-04-03,9917,7.40999984741211,7.40999984741211,0,1.99000000953674,0.970000028610229,4.44000005722046,0,58,27,240,700,3427,false,,,,Sunday,1
3372868164,2016-04-04,5861,4.01999998092651,4.01999998092651,0,1.29999995231628,0.219999998807907,2.49000000953674,0.00999999977648258,20,7,233,1180,1878,false,,,,Monday,2
1644430081,2016-04-04,2819,2.04999995231628,2.04999995231628,0,0.310000002384186,0.170000001788139,1.55999994277954,0.00999999977648258,4,4,87,1345,2444,false,,,,Monday,2
2022484408,2016-04-04,15313,11,11,0,5.01999998092651,1.28999996185303,4.69000005722046,0,62,19,233,1126,2581,false,,,,Monday,2
8378563200,2016-04-04,13935,11.0500001907349,11.0500001907349,2.0921471118927,4.09000015258789,0.790000021457672,6.17000007629395,0,105,16,220,658,4234,false,,,,Monday,2
2347167796,2016-04-04,10254,6.80000019073486,6.80000019073486,0,1.41999995708466,1.23000001907349,4.15999984741211,0,21,25,231,638,2099,false,,,,Monday,2
8053475328,2016-04-04,17395,13.210000038147,13.210000038147,0,9.67000007629395,0.180000007152557,3.34999990463257,0,100,4,213,1123,3209,false,,,,Monday,2
5553957443,2016-04-04,8921,5.88000011444092,5.88000011444092,0,2.0699999332428,0.439999997615814,3.35999989509583,0,27,8,198,754,1892,false,,,,Monday,2
1503960366,2016-04-04,14557,9.80000019073486,9.80000019073486,0,3.39000010490417,0.699999988079071,5.69000005722046,0,43,18,285,757,2030,false,,,,Monday,2
5577150313,2016-04-04,7401,5.55999994277954,5.55999994277954,0,2.3199999332428,0.360000014305115,2.88000011444092,0,70,19,204,689,3492,false,,,,Monday,2
4319703577,2016-04-04,10067,6.76000022888184,6.76000022888184,0,0.360000014305115,1.41999995708466,4.96999979019165,0,5,39,313,578,2308,false,,,,Monday,2
8877689391,2016-04-04,20779,18.4099998474121,18.4099998474121,0,11.7299995422363,0.649999976158142,6,0,78,16,208,1138,3662,false,,,,Monday,2
6962181067,2016-04-04,18952,12.8000001907349,12.8000001907349,0,5.90999984741211,1.23000001907349,5.65999984741211,0,73,20,327,570,2437,false,,,,Monday,2
7086361926,2016-04-04,6101,3.86999988555908,3.86999988555908,0,0.529999971389771,0.230000004172325,3.09999990463257,0,31,24,138,1247,2421,false,,,,Monday,2
6117666160,2016-04-04,8468,6.3899998664856,6.3899998664856,0,0.180000007152557,0.639999985694885,5.57000017166138,0,2,11,279,1148,2262,false,,,,Monday,2
3977333714,2016-04-04,11943,7.98999977111816,7.98999977111816,0,1.02999997138977,2.00999999046326,4.94999980926514,0,16,43,297,710,1648,false,,,,Monday,2
4702921684,2016-04-04,7810,6.3600001335144,6.3600001335144,0,0.479999989271164,1.20000004768372,4.67999982833862,0,6,27,216,746,2931,false,,,,Monday,2
7007744171,2016-04-04,15266,11.3999996185303,10.210000038147,5.18984985351563,5.80000019073486,0.759999990463257,4.78999996185303,0.0500000007450581,70,21,292,1057,2886,false,,,,Monday,2
4702921684,2016-04-05,6670,5.40999984741211,5.40999984741211,0,1.24000000953674,0.800000011920929,3.36999988555908,0,15,16,199,770,2848,false,,,,Tuesday,3
2347167796,2016-04-05,10114,6.82000017166138,6.82000017166138,0,1.63999998569489,0.479999989271164,4.67999982833862,0,18,9,269,696,2096,false,,,,Tuesday,3
2022484408,2016-04-05,10805,7.59000015258789,7.59000015258789,0,0.720000028610229,0.980000019073486,5.8899998664856,0,36,37,298,1069,2735,false,,,,Tuesday,3
8792009665,2016-04-05,2332,1.49000000953674,1.49000000953674,0,0.00999999977648258,0.180000007152557,1.29999995231628,0,1,10,111,904,2100,false,,,,Tuesday,3
7007744171,2016-04-05,12084,9.14000034332275,8.07999992370605,4.83638000488281,4.3899998664856,0.46000000834465,4.28999996185303,0,50,6,284,1030,2676,false,,,,Tuesday,3
5577150313,2016-04-05,8964,6.69999980926514,6.69999980926514,0,3.97000002861023,0.189999997615814,2.52999997138977,0,107,18,145,756,3597,false,,,,Tuesday,3
8877689391,2016-04-05,10695,8.11999988555908,8.11999988555908,0,0.769999980926514,0.180000007152557,7.09000015258789,0.00999999977648258,10,3,246,1181,2834,false,,,,Tuesday,3
7086361926,2016-04-05,7478,4.98999977111816,4.98999977111816,0,1.79999995231628,0.529999971389771,2.60999989509583,0.0299999993294477,25,33,132,1159,2439,false,,,,Tuesday,3
4319703577,2016-04-05,8359,5.63000011444092,5.63000011444092,0,0.230000004172325,0.529999971389771,4.86999988555908,0,3,14,311,638,2201,false,,,,Tuesday,3
6962181067,2016-04-05,12010,7.94000005722046,7.94000005722046,0,2.38000011444092,0.949999988079071,4.6100001335144,0,38,17,287,692,2158,false,,,,Tuesday,3
6775888955,2016-04-05,9348,6.69999980926514,6.69999980926514,0,1.12999999523163,2.03999996185303,3.14000010490417,0,56,133,240,1011,4286,false,,,,Tuesday,3
8053475328,2016-04-05,17167,13.4099998474121,13.4099998474121,0,9.96000003814697,0.310000002384186,3.14000010490417,0,98,8,184,1150,3167,false,,,,Tuesday,3
1503960366,2016-04-05,14844,9.72999954223633,9.72999954223633,0,2.94000005722046,0.759999990463257,6.03999996185303,0,36,18,341,736,2083,false,,,,Tuesday,3
8378563200,2016-04-05,12846,10.1899995803833,10.1899995803833,2.25308108329773,5,0.75,4.44000005722046,0,113,15,189,686,4128,false,,,,Tuesday,3
3977333714,2016-04-05,12303,8.22999954223633,8.22999954223633,0,1.71000003814697,1.35000002384186,5.17000007629395,0,26,32,291,605,1649,false,,,,Tuesday,3
4020332650,2016-04-05,6880,4.92999982833862,4.92999982833862,0,0.5,0.759999990463257,3.65000009536743,0,7,19,165,1249,2966,false,,,,Tuesday,3
4558609924,2016-04-05,6799,4.48999977111816,4.48999977111816,0,1.5900000333786,0.860000014305115,2.03999996185303,0,24,14,185,1217,1876,false,,,,Tuesday,3
5553957443,2016-04-05,11306,7.38000011444092,7.38000011444092,0,2.30999994277954,0.980000019073486,4.09000015258789,0,40,26,218,772,2086,false,,,,Tuesday,3
7007744171,2016-04-06,13513,10.25,9.06999969482422,4.83572006225586,5.34999990463257,0.330000013113022,4.55999994277954,0,64,8,270,1098,2811,false,,,,Wednesday,4
8877689391,2016-04-06,24136,20.9099998474121,20.9099998474121,0,12.2200002670288,0.540000021457672,8.07999992370605,0,87,16,318,1019,4039,false,,,,Wednesday,4
8053475328,2016-04-06,16435,12.4200000762939,12.4200000762939,0,8.96000003814697,0.550000011920929,2.91000008583069,0,100,14,191,1135,3122,false,,,,Wednesday,4
6962181067,2016-04-06,12480,8.85999965667725,8.25,3.97279500961304,4.17999982833862,0.689999997615814,4,0,55,14,276,593,2170,false,,,,Wednesday,4
7086361926,2016-04-06,7352,4.73000001907349,4.73000001907349,0,1.4099999666214,0.779999971389771,2.52999997138977,0,19,14,124,814,2233,false,,,,Wednesday,4
3372868164,2016-04-06,6406,4.3899998664856,4.3899998664856,0,0.779999971389771,0.0900000035762787,3.51999998092651,0.00999999977648258,17,4,325,1094,2010,false,,,,Wednesday,4
3977333714,2016-04-06,15425,10.3199996948242,10.3199996948242,0,1.62000000476837,1.82000005245209,6.86999988555908,0,24,45,331,614,1783,false,,,,Wednesday,4
1503960366,2016-04-06,11974,7.67000007629395,7.67000007629395,0,2.03999996185303,0.479999989271164,5.15000009536743,0,27,12,228,1173,1861,false,,,,Wednesday,4
2347167796,2016-04-06,11107,7.34000015258789,7.34000015258789,0,0.899999976158142,2.75999999046326,3.6800000667572,0,14,46,196,759,2058,false,,,,Wednesday,4
4319703577,2016-04-06,10946,7.34999990463257,7.34999990463257,0,0.540000021457672,2.08999991416931,4.71999979019165,0,8,51,308,569,2341,false,,,,Wednesday,4
2022484408,2016-04-06,15392,10.9300003051758,10.9300003051758,0,3.4300000667572,1.75,5.75,0,47,42,258,1093,2733,false,,,,Wednesday,4
5577150313,2016-04-06,11080,8.30000019073486,8.30000019073486,0,3.13000011444092,1.37000000476837,3.80999994277954,0,83,52,190,695,3765,false,,,,Wednesday,4
6775888955,2016-04-06,11761,8.43000030517578,8.43000030517578,0,1.30999994277954,2.44000005722046,4.67999982833862,0,24,99,300,550,3920,false,,,,Wednesday,4
4445114986,2016-04-06,6911,4.78000020980835,4.78000020980835,0,2.3199999332428,0.100000001490116,2.35999989509583,0,28,2,215,745,2374,false,,,,Wednesday,4
5553957443,2016-04-06,12252,8,8,0,2.41000008583069,1.70000004768372,3.89000010490417,0,33,28,229,745,2044,false,,,,Wednesday,4
1644430081,2016-04-06,8046,5.84999990463257,5.84999990463257,0,1.28999996185303,2.11999988555908,2.45000004768372,0,18,41,137,1244,2925,false,,,,Wednesday,4
5553957443,2016-04-07,15444,10.0799999237061,10.0799999237061,0,3.26999998092651,1.73000001907349,5.07999992370605,0,51,39,243,731,2249,false,,,,Thursday,5
8053475328,2016-04-07,17078,13.1999998092651,13.1999998092651,0,9.97000026702881,0.239999994635582,2.99000000953674,0,101,6,190,1143,3176,false,,,,Thursday,5
3372868164,2016-04-07,7392,5.09999990463257,5.09999990463257,0,0.870000004768372,0.159999996423721,4.05000019073486,0.0199999995529652,14,9,332,1085,2038,false,,,,Thursday,5
2347167796,2016-04-07,10320,6.84999990463257,6.84999990463257,0,0.680000007152557,1.23000001907349,4.94000005722046,0,15,32,315,1002,2338,false,,,,Thursday,5
4319703577,2016-04-07,9130,6.15000009536743,6.15000009536743,0,0.5,0.379999995231628,5.26999998092651,0,7,11,304,668,2236,false,,,,Thursday,5
2022484408,2016-04-07,18247,13.8299999237061,13.8299999237061,0,7.1100001335144,2.21000003814697,4.51000022888184,0,72,62,252,1054,3021,false,,,,Thursday,5
8877689391,2016-04-07,10910,8.42000007629395,8.42000007629395,0,2.96000003814697,0.389999985694885,5.03000020980835,0,32,11,212,1185,2947,false,,,,Thursday,5
8378563200,2016-04-07,9725,7.71000003814697,7.71000003814697,2.25308108329773,2.41000008583069,0.529999971389771,4.76999998092651,0,83,11,181,670,3839,false,,,,Thursday,5
6962181067,2016-04-07,13417,9.64999961853027,8.86999988555908,1.92630195617676,3.39000010490417,1.25,4.90999984741211,0.100000001490116,45,16,284,665,2244,false,,,,Thursday,5
1644430081,2016-04-07,11166,8.11999988555908,8.11999988555908,0,0.209999993443489,2.41000008583069,5.5,0,3,58,230,1149,3202,false,,,,Thursday,5
7007744171,2016-04-07,14100,10.5799999237061,9.43000030517578,4.87598991394043,5.09999990463257,1.19000005722046,4.28000020980835,0,61,33,265,1015,2840,false,,,,Thursday,5
1503960366,2016-04-07,10198,6.44000005722046,6.44000005722046,0,1.20000004768372,0.790000021457672,4.44999980926514,0,17,20,195,1208,1755,false,,,,Thursday,5
4445114986,2016-04-07,6667,4.6100001335144,4.6100001335144,0,2.01999998092651,0.0500000007450581,2.54999995231628,0,24,1,208,939,2335,false,,,,Thursday,5
7086361926,2016-04-07,14604,10.8199996948242,10.8199996948242,0,7.23000001907349,1.12000000476837,2.4300000667572,0.0299999993294477,76,30,127,695,2862,false,,,,Thursday,5
6775888955,2016-04-07,13987,10.0299997329712,10.0299997329712,0,2.86999988555908,3.33999991416931,3.8199999332428,0,46,114,250,739,3856,false,,,,Thursday,5
4558609924,2016-04-07,7998,5.28999996185303,5.28999996185303,0,0.509999990463257,0.25,4.53000020980835,0,27,12,296,1105,2235,false,,,,Thursday,5
8253242879,2016-04-07,5181,3.42000007629395,3.42000007629395,0,1,0.910000026226044,1.50999999046326,0.00999999977648258,15,15,107,1303,1776,false,,,,Thursday,5
5577150313,2016-04-07,4499,3.35999989509583,3.35999989509583,0,0.889999985694885,0.259999990463257,2.21000003814697,0,31,11,146,756,2775,false,,,,Thursday,5
1644430081,2016-04-08,7842,5.69999980926514,5.69999980926514,0,0.479999989271164,2.41000008583069,2.80999994277954,0,7,43,161,1229,2928,false,,,,Friday,6
8378563200,2016-04-08,8350,6.61999988555908,6.61999988555908,2.0921471118927,1.49000000953674,0.529999971389771,4.6100001335144,0,72,10,167,868,3713,false,,,,Friday,6
7007744171,2016-04-08,12627,9.64999961853027,8.44999980926514,4.84231996536255,4.69999980926514,0.740000009536743,4.21000003814697,0,54,22,301,1063,2871,false,,,,Friday,6
8053475328,2016-04-08,11693,9.53999996185303,9.53999996185303,0,6.76999998092651,0.259999990463257,2.5,0,60,6,153,1221,2790,false,,,,Friday,6
6775888955,2016-04-08,4131,2.96000003814697,2.96000003814697,0,1.37000000476837,0.610000014305115,0.980000019073486,0,27,30,75,1308,2584,false,,,,Friday,6
8877689391,2016-04-08,23014,20.3899993896484,20.3899993896484,0,11.1000003814697,0.629999995231628,8.61999988555908,0,70,29,359,982,4196,false,,,,Friday,6
4020332650,2016-04-08,10480,7.51000022888184,7.51000022888184,0,0.409999996423721,1.47000002861023,5.01000022888184,0.0399999991059303,6,37,272,1125,4034,false,,,,Friday,6
7086361926,2016-04-08,9634,6.51999998092651,6.51999998092651,0,2.5,1.39999997615814,2.58999991416931,0,50,48,140,797,2752,false,,,,Friday,6
8253242879,2016-04-08,12026,9.14999961853027,9.14999961853027,0,5.69999980926514,0.930000007152557,2.50999999046326,0,47,13,150,1230,2162,false,,,,Friday,6
5553957443,2016-04-08,9938,6.48999977111816,6.48999977111816,0,2.14000010490417,1.27999997138977,3.07999992370605,0,38,24,193,767,2019,false,,,,Friday,6
2022484408,2016-04-08,13023,9.26000022888184,9.26000022888184,0,3.23000001907349,0.560000002384186,5.46999979019165,0,40,12,296,1092,2577,false,,,,Friday,6
6962181067,2016-04-08,14400,10.8800001144409,9.52000045776367,5.45686388015747,2.47000002861023,2.88000011444092,5.53000020980835,0,27,37,276,697,2188,false,,,,Friday,6
2347167796,2016-04-08,10209,6.75,6.75,0,0.159999996423721,0.349999994039536,6.23000001907349,0,2,6,316,711,2104,false,,,,Friday,6
1503960366,2016-04-08,12521,7.94000005722046,7.94000005722046,0,3.30999994277954,0.899999976158142,3.74000000953674,0,46,22,212,1160,1895,false,,,,Friday,6
8792009665,2016-04-08,1467,0.939999997615814,0.939999997615814,0,0.100000001490116,0.209999993443489,0.629999995231628,0,2,8,71,912,1953,false,,,,Friday,6
4319703577,2016-04-08,6544,4.40999984741211,4.40999984741211,0,0.28999999165535,0.259999990463257,3.85999989509583,0,4,6,276,1132,2069,false,,,,Friday,6
3977333714,2016-04-09,14583,9.76000022888184,9.76000022888184,0,2.48000001907349,1.74000000953674,5.53000020980835,0,35,36,254,697,1697,false,,,,Saturday,7
1644430081,2016-04-09,13840,10.0600004196167,10.0600004196167,0,1.30999994277954,3.72000002861023,5.03000020980835,0,18,81,192,1149,3290,false,,,,Saturday,7
2022484408,2016-04-09,16267,12.5900001525879,12.5900001525879,0,5.75,0.469999998807907,6.36999988555908,0,44,16,302,1078,2811,false,,,,Saturday,7
8253242879,2016-04-09,5360,3.53999996185303,3.53999996185303,0,0.540000021457672,1.54999995231628,1.46000003814697,0,8,28,148,1256,1832,false,,,,Saturday,7
8053475328,2016-04-09,11159,9.14000034332275,9.14000034332275,0,6.69000005722046,0.25,2.19000005722046,0,59,6,120,1255,2715,false,,,,Saturday,7
3372868164,2016-04-09,8827,6.25,6.25,0,1.76999998092651,0.479999989271164,4,0.00999999977648258,21,10,346,1063,2062,false,,,,Saturday,7
4020332650,2016-04-09,7734,5.55000019073486,5.55000019073486,0,1.1599999666214,0.490000009536743,3.8199999332428,0.0599999986588955,20,12,223,1185,3264,false,,,,Saturday,7
2873212765,2016-04-09,14103,9.5600004196167,9.5600004196167,0,3.01999998092651,0.409999996423721,6.1399998664856,0.00999999977648258,46,8,288,1098,2257,false,,,,Saturday,7
6962181067,2016-04-09,12495,8.26000022888184,8.26000022888184,0,2.21000003814697,1.0900000333786,4.96000003814697,0,33,19,324,609,2231,false,,,,Saturday,7
1503960366,2016-04-09,12432,8.10000038146973,8.10000038146973,0,2.58999991416931,0.589999973773956,4.92000007629395,0,32,15,248,738,1883,false,,,,Saturday,7
5577150313,2016-04-09,10494,7.84000015258789,7.84000015258789,0,4.90999984741211,0.779999971389771,2.15000009536743,0,123,62,138,601,3817,false,,,,Saturday,7
2347167796,2016-04-09,16081,10.6300001144409,10.6300001144409,0,1.25,1.82000005245209,7.55999994277954,0,16,32,401,970,2488,false,,,,Saturday,7
4702921684,2016-04-09,14002,11.3599996566772,11.3599996566772,0,0.610000014305115,2.6800000667572,8.0600004196167,0,8,56,381,407,3597,false,,,,Saturday,7
7086361926,2016-04-09,7338,4.67000007629395,4.67000007629395,0,1.08000004291534,0.129999995231628,3.46000003814697,0,27,5,204,717,2519,false,,,,Saturday,7
8053475328,2016-04-10,10118,7.73000001907349,7.73000001907349,0,3.04999995231628,0.800000011920929,3.88000011444092,0,30,18,207,1185,2684,false,,,,Sunday,1
4020332650,2016-04-10,5129,3.6800000667572,3.6800000667572,0,0.180000007152557,0.239999994635582,3.21000003814697,0.00999999977648258,5,7,176,1178,2817,false,,,,Sunday,1
5577150313,2016-04-10,9776,7.38000011444092,7.38000011444092,0,2.9300000667572,1.42999994754791,3.01999998092651,0,80,35,162,721,3378,false,,,,Sunday,1
3977333714,2016-04-10,3573,2.39000010490417,2.39000010490417,0,0.939999997615814,0.409999996423721,0.970000028610229,0,15,8,99,866,1232,false,,,,Sunday,1
2347167796,2016-04-10,10078,6.82999992370605,6.82999992370605,0,1.01999998092651,0.119999997317791,5.69000005722046,0,12,3,303,463,2164,false,,,,Sunday,1
1503960366,2016-04-10,10057,6.98000001907349,6.98000001907349,0,4,0.490000009536743,2.48000001907349,0,44,13,168,737,1755,false,,,,Sunday,1
5553957443,2016-04-10,5594,3.65000009536743,3.65000009536743,0,0.280000001192093,1.48000001907349,1.88999998569489,0,4,25,150,552,1712,false,,,,Sunday,1
3372868164,2016-04-10,4662,3.1800000667572,3.1800000667572,0,1.03999996185303,0.150000005960464,1.99000000953674,0,22,4,152,735,1276,false,,,,Sunday,1
8877689391,2016-04-10,28497,27.5300006866455,27.5300006866455,0,21.9200000762939,1.12000000476837,4.46000003814697,0,128,46,211,1055,4526,false,,,,Sunday,1
6962181067,2016-04-10,10148,6.71000003814697,6.71000003814697,0,1.36000001430511,0.219999998807907,5.13000011444092,0,19,7,306,679,2100,false,,,,Sunday,1
2873212765,2016-04-10,5290,3.54999995231628,3.54999995231628,0,0.0399999991059303,0.340000003576279,3.17000007629395,0,1,8,251,1180,1724,false,,,,Sunday,1
1624580081,2016-04-10,3910,2.53999996185303,2.53999996185303,0,0.469999998807907,0.25,1.80999994277954,0.00999999977648258,7,7,186,1240,1555,false,,,,Sunday,1
2320127002,2016-04-11,11230,7.67000007629395,7.67000007629395,0,0.889999985694885,0.119999997317791,6.65999984741211,0,10,2,390,1038,2206,false,,,,Monday,2
1503960366,2016-04-11,10990,7.26000022888184,7.26000022888184,0,2.03999996185303,0.569999992847443,4.65000009536743,0,26,14,216,855,1811,false,,,,Monday,2
8053475328,2016-04-11,16064,12.7200002670288,12.7200002670288,0,9.97999954223633,0.360000014305115,2.38000011444092,0,96,8,155,1181,3097,false,,,,Monday,2
4445114986,2016-04-11,5986,4.13000011444092,4.13000011444092,0,1.95000004768372,0.230000004172325,1.95000004768372,0,23,5,195,789,2297,false,,,,Monday,2
5577150313,2016-04-11,2862,2.14000010490417,2.14000010490417,0,1.03999996185303,0.25,0.839999973773956,0,39,17,54,209,1511,false,,,,Monday,2
6962181067,2016-04-11,12362,9.09000015258789,8.17000007629395,2.69645500183105,1.0900000333786,2.73000001907349,5.26999998092651,0,21,38,297,678,2188,false,,,,Monday,2
8877689391,2016-04-11,10622,8.0600004196167,8.0600004196167,0,1.47000002861023,0.150000005960464,6.36999988555908,0.00999999977648258,18,7,225,1190,2820,false,,,,Monday,2
5553957443,2016-04-11,11906,7.76999998092651,7.76999998092651,0,2.25999999046326,1.51999998092651,3.99000000953674,0,32,27,234,688,2065,false,,,,Monday,2
7086361926,2016-04-11,6242,3.92000007629395,3.92000007629395,0,0.740000009536743,0.230000004172325,2.9300000667572,0,46,22,126,741,2543,false,,,,Monday,2
8378563200,2016-04-11,8837,7.01000022888184,7.01000022888184,2.0921471118927,1.53999996185303,0.879999995231628,4.59000015258789,0,74,17,182,811,3775,false,,,,Monday,2
7007744171,2016-04-11,12168,8.14000034332275,8.14000034332275,0,1.04999995231628,0.790000021457672,6.28999996185303,0,18,27,375,1020,2871,false,,,,Monday,2
2022484408,2016-04-11,10106,7.09000015258789,7.09000015258789,0,1.21000003814697,0.560000002384186,5.32999992370605,0,41,16,272,1111,2568,false,,,,Monday,2
8053475328,2016-04-12,18350,14.329999879002589,14.329999879002589,0,11.6400003433228,0.389999985694885,2.3099998980760592,0,116,8,139,1792,3977,false,,,,Tuesday,3
8877689391,2016-04-12,25536,22.179999589920069,22.179999589920069,0,12.2200002670288,0.340000003576279,9.60000014305115,0,85,7,370,1567,4859,false,,,,Tuesday,3
2026352035,2016-04-12,5433,3.370000004768368,3.370000004768368,0,0.189999997615814,0.349999994039536,2.8300000429153478,0,3,8,245,929,2059,false,1,503,546,Tuesday,3
2347167796,2016-04-12,10113,6.82999992370605,6.82999992370605,0,2,0.620000004768372,4.19999980926514,0,28,13,320,1389,2743,false,,,,Tuesday,3
5577150313,2016-04-12,8135,6.07999992370605,6.07999992370605,0,3.59999990463257,0.379999995231628,2.09999990463257,0,86,16,140,728,3405,false,1,419,438,Tuesday,3
5553957443,2016-04-12,15032,9.81000018119812,9.81000018119812,0,1.87000000476837,1.4600000381469731,6.45999979972839,0,26,24,327,828,2659,false,1,441,464,Tuesday,3
7007744171,2016-04-12,21585,16.059999942779513,14.4399995803833,9.7395658493042,9,0.719999998807907,6.3499998450279245,0,106,14,398,1429,3960,false,,,,Tuesday,3
7086361926,2016-04-12,11747,8.6699998378753662,8.6699998378753662,0,5.26999998092651,0.150000005960464,3.2300000190734868,0,59,6,167,820,3397,false,1,514,525,Tuesday,3
1644430081,2016-04-12,10694,7.76999998092651,7.76999998092651,0,0.140000000596046,2.29999995231628,5.32999992370605,0,2,51,256,1131,3199,false,,,,Tuesday,3
8378563200,2016-04-12,10872,8.62000012397766,8.62000012397766,4.50616216659546,1.659999966621398,1.419999957084656,5.5299999713897705,0,130,30,205,966,5517,false,1,338,356,Tuesday,3
6962181067,2016-04-12,16092,10.639999866485589,10.639999866485589,0,6.28000020980835,1.389999985694885,2.9699999988079098,0,93,23,237,942,2911,false,1,366,387,Tuesday,3
2873212765,2016-04-12,8796,5.90999984741211,5.90999984741211,0,0.109999999403954,0.930000007152557,4.88000011444092,0,2,21,356,2501,1982,false,,,,Tuesday,3
8253242879,2016-04-12,9033,7.15999984741211,7.15999984741211,0,5.42999982833862,0.140000000596046,1.5900000333786,0,40,2,154,2684,2044,false,,,,Tuesday,3
4020332650,2016-04-12,8547,6.1299998853355628,6.1299998853355628,0,0.150000005960464,0.239999994635582,5.689999828115103,0,4,15,332,1033,4100,false,1,501,541,Tuesday,3
3977333714,2016-04-12,9615,6.5500000119209325,6.5500000119209325,0,3.05999994277954,0.910000026226044,2.579999983310703,0,44,19,148,964,1632,false,1,274,469,Tuesday,3
1503960366,2016-04-12,13386,8.6400000005960464,8.6400000005960464,0,1.87999999523163,0.550000011920929,6.1899999380111685,0,25,13,337,760,2035,false,1,327,346,Tuesday,3
2022484408,2016-04-12,18592,13.059999942779541,13.059999942779541,0,6.53999996185303,0.989999979734421,5.5300002098083505,0,83,19,294,1708,3530,false,,,,Tuesday,3
2320127002,2016-04-12,12823,8.89999973773956,8.89999973773956,0,1.16999995708466,0.310000002384186,7.42000019550324,0,13,9,375,1729,2914,false,,,,Tuesday,3
2022484408,2016-04-13,12024,8.5,8.5,0,2.99000000953674,0.100000001490116,5.40999984741211,0,43,5,292,1100,2601,false,,,,Wednesday,4
3977333714,2016-04-13,10035,6.71000003814697,6.71000003814697,0,2.02999997138977,2.13000011444092,2.54999995231628,0,31,46,153,754,1495,false,2,295,456,Wednesday,4
2347167796,2016-04-13,10352,7.01000022888184,7.01000022888184,0,1.6599999666214,1.94000005722046,3.41000008583069,0,19,32,195,676,2038,false,1,467,531,Wednesday,4
8583815059,2016-04-13,5571,4.34999990463257,4.34999990463257,0,0.150000005960464,0.970000028610229,3.23000001907349,0,2,23,163,1252,2654,false,,,,Wednesday,4
8253242879,2016-04-13,8053,6.09999990463257,6.09999990463257,0,4.17000007629395,0.629999995231628,1.30999994277954,0,35,11,96,1298,1935,false,,,,Wednesday,4
7007744171,2016-04-13,12862,9.64999961853027,8.60000038146973,4.8513069152832,4.6100001335144,0.560000002384186,4.48000001907349,0,56,22,261,1101,2742,false,,,,Wednesday,4
1503960366,2016-04-13,10735,6.96999979019165,6.96999979019165,0,1.57000005245209,0.689999997615814,4.71000003814697,0,21,19,217,776,1797,false,2,384,407,Wednesday,4
8378563200,2016-04-13,12386,9.81999969482422,9.81999969482422,2.0921471118927,4.96000003814697,0.649999976158142,4.21000003814697,0,116,14,169,680,4079,false,2,447,487,Wednesday,4
7086361926,2016-04-13,5813,3.61999988555908,3.61999988555908,0,0.560000002384186,0.209999993443489,2.83999991416931,0,31,26,155,744,2516,false,1,451,465,Wednesday,4
6775888955,2016-04-13,4053,2.91000008583069,2.91000008583069,0,1.11000001430511,0.579999983310699,1.22000002861023,0,17,18,85,1053,2400,false,1,235,260,Wednesday,4
1644430081,2016-04-13,8001,5.82000017166138,5.82000017166138,0,2.27999997138977,0.899999976158142,2.64000010490417,0,30,16,135,1259,2902,false,,,,Wednesday,4
6962181067,2016-04-13,5652,3.74000000953674,3.74000000953674,0,0.569999992847443,1.21000003814697,1.96000003814697,0,8,24,142,548,1718,false,3,630,679,Wednesday,4
3372868164,2016-04-13,9715,6.63000011444092,6.63000011444092,0,0.990000009536743,0.340000003576279,5.26999998092651,0.0199999995529652,16,8,371,1045,2093,false,,,,Wednesday,4
4558609924,2016-04-13,4978,3.28999996185303,3.28999996185303,0,1.24000000953674,0.439999997615814,1.61000001430511,0,19,7,127,1287,1722,false,,,,Wednesday,4
4319703577,2016-04-13,8204,5.5,5.5,0,0.529999971389771,0.589999973773956,1.30999994277954,0,8,15,96,1234,2135,false,,,,Wednesday,4
8053475328,2016-04-13,16433,13.3500003814697,13.3500003814697,0,10.4300003051758,0.469999998807907,2.45000004768372,0,95,12,156,1177,3140,false,,,,Wednesday,4
5577150313,2016-04-13,5077,3.78999996185303,3.78999996185303,0,0.319999992847443,0.219999998807907,3.25,0,15,11,144,776,2551,false,1,432,458,Wednesday,4
8877689391,2016-04-13,15337,9.57999992370605,9.57999992370605,0,3.54999995231628,0.379999995231628,5.6399998664856,0,108,18,216,1098,3566,false,,,,Wednesday,4
8253242879,2016-04-14,5234,3.46000003814697,3.46000003814697,0,1.92999994754791,0.990000009536743,0.540000021457672,0,29,16,33,1362,1705,false,,,,Thursday,5
7086361926,2016-04-14,9123,6.11999988555908,6.11999988555908,0,2.02999997138977,0.330000013113022,3.66000008583069,0,35,32,189,787,2734,false,1,472,476,Thursday,5
7007744171,2016-04-14,11179,8.23999977111816,7.48000001907349,3.28541493415833,2.95000004768372,0.340000003576279,4.96000003814697,0,34,6,304,1096,2668,false,,,,Thursday,5
1503960366,2016-04-14,10460,6.73999977111816,6.73999977111816,0,2.44000005722046,0.400000005960464,3.91000008583069,0,30,11,181,1218,1776,false,,,,Thursday,5
8877689391,2016-04-14,21129,18.9799995422363,18.9799995422363,0,10.5500001907349,0.589999973773956,7.75,0.0199999995529652,68,13,298,1061,3793,false,,,,Thursday,5
3977333714,2016-04-14,7641,5.1100001335144,5.1100001335144,0,0.319999992847443,0.970000028610229,3.8199999332428,0,5,23,214,801,1433,false,1,291,397,Thursday,5
1644430081,2016-04-14,11037,8.02000045776367,8.02000045776367,0,0.360000014305115,2.55999994277954,5.09999990463257,0,5,58,252,1125,3226,false,,,,Thursday,5
5553957443,2016-04-14,17022,11.1199998855591,11.1199998855591,0,4,2.45000004768372,4.67000007629395,0,61,41,256,693,2324,false,1,357,418,Thursday,5
6775888955,2016-04-14,5162,3.70000004768372,3.70000004768372,0,0.870000004768372,0.860000014305115,1.97000002861023,0,14,24,105,863,2507,false,1,423,441,Thursday,5
2022484408,2016-04-14,10690,7.5,7.5,0,2.48000001907349,0.209999993443489,4.82000017166138,0,32,3,257,1148,2312,false,,,,Thursday,5
4319703577,2016-04-14,10210,6.88000011444092,6.88000011444092,0,0.109999999403954,0.330000013113022,6.44000005722046,0,1,9,339,589,2302,false,1,535,557,Thursday,5
5577150313,2016-04-14,8596,6.42000007629395,6.42000007629395,0,3.32999992370605,0.310000002384186,2.77999997138977,0,118,30,176,662,4022,false,1,477,497,Thursday,5
8378563200,2016-04-14,13318,10.5600004196167,10.5600004196167,2.25308108329773,5.61999988555908,1.02999997138977,3.91000008583069,0,123,21,174,699,4163,false,1,424,455,Thursday,5
8053475328,2016-04-14,20159,15.9700002670288,15.9700002670288,0,12.3400001525879,0.209999993443489,3.35999989509583,0,119,5,193,1123,3411,false,,,,Thursday,5
2347167796,2016-04-14,10129,6.69999980926514,6.69999980926514,0,0.0199999995529652,2.74000000953674,3.94000005722046,0,1,48,206,705,2010,false,1,445,489,Thursday,5
5577150313,2016-04-15,12087,9.07999992370605,9.07999992370605,0,3.92000007629395,1.60000002384186,3.55999994277954,0,115,54,199,695,4005,false,1,392,413,Friday,6
2022484408,2016-04-15,11034,8.02999973297119,8.02999973297119,0,1.94000005722046,0.310000002384186,5.78000020980835,0,27,9,282,1122,2525,false,,,,Friday,6
5553957443,2016-04-15,16556,10.8599996566772,10.8599996566772,0,4.15999984741211,1.98000001907349,4.71000003814697,0,58,38,239,689,2254,false,1,377,409,Friday,6
8053475328,2016-04-15,20669,16.2399997711182,16.2399997711182,0,13.2600002288818,0.389999985694885,2.58999991416931,0,132,8,158,1142,3410,false,,,,Friday,6
1503960366,2016-04-15,9762,6.28000020980835,6.28000020980835,0,2.14000010490417,1.25999999046326,2.82999992370605,0,29,34,209,726,1745,false,1,412,442,Friday,6
4020332650,2016-04-15,1882,1.35000002384186,1.35000002384186,0,0.209999993443489,0.360000014305115,0.769999980926514,0,36,18,87,1299,2951,false,,,,Friday,6
4558609924,2016-04-15,7795,5.15000009536743,5.15000009536743,0,0.589999973773956,0.839999973773956,3.73000001907349,0,17,30,262,1131,2121,false,,,,Friday,6
3977333714,2016-04-15,9010,6.05999994277954,6.05999994277954,0,1.04999995231628,1.75,3.25999999046326,0,15,42,183,644,1468,false,1,424,556,Friday,6
4057192912,2016-04-15,3984,2.95000004768372,2.95000004768372,0,0.209999993443489,0.259999990463257,2.44000005722046,0,3,6,88,873,1527,false,,,,Friday,6
7086361926,2016-04-15,8585,5.67000007629395,5.67000007629395,0,2.03999996185303,1.11000001430511,2.52999997138977,0,30,21,139,864,2395,false,1,377,386,Friday,6
1644430081,2016-04-15,5263,3.82999992370605,3.82999992370605,0,0.219999998807907,0.150000005960464,3.45000004768372,0,3,4,170,1263,2750,false,,,,Friday,6
8378563200,2016-04-15,14461,11.4700002670288,11.4700002670288,0,4.90999984741211,1.14999997615814,5.40999984741211,0,60,23,190,729,3666,false,1,513,533,Friday,6
8877689391,2016-04-15,13422,7.17000007629395,7.17000007629395,0,0.0500000007450581,0.0500000007450581,7.01000022888184,0.00999999977648258,106,1,281,1052,3934,false,,,,Friday,6
6962181067,2016-04-16,13217,8.73999977111816,8.73999977111816,0,3.66000008583069,0.189999997615814,4.88000011444092,0,50,3,280,741,2173,false,1,357,366,Saturday,7
8378563200,2016-04-16,11207,8.89000034332275,8.89000034332275,0,5.36999988555908,1.07000005245209,2.44000005722046,0,64,21,142,563,3363,false,2,611,689,Saturday,7
2022484408,2016-04-16,10100,7.09000015258789,7.09000015258789,0,3.15000009536743,0.550000011920929,3.39000010490417,0,41,11,151,1237,2177,false,,,,Saturday,7
8877689391,2016-04-16,29326,25.2900009155273,25.2900009155273,0,13.2399997711182,1.21000003814697,10.710000038147,0,94,29,429,888,4547,false,,,,Saturday,7
1644430081,2016-04-16,15300,11.1199998855591,11.1199998855591,0,4.09999990463257,1.87999999523163,5.09000015258789,0,51,42,212,1135,3493,false,,,,Saturday,7
3977333714,2016-04-16,13459,9,9,0,2.02999997138977,4,2.97000002861023,0,31,83,153,663,1625,false,1,283,510,Saturday,7
2873212765,2016-04-16,9685,6.65000009536743,6.65000009536743,0,3.10999989509583,0.0199999995529652,3.50999999046326,0.00999999977648258,47,1,305,1087,2148,false,,,,Saturday,7
4388161847,2016-04-16,6580,5.05999994277954,5.05999994277954,0,0.209999993443489,0.400000005960464,4.44999980926514,0,6,9,253,609,3073,false,2,426,448,Saturday,7
8253242879,2016-04-16,9256,6.1399998664856,6.1399998664856,0,0.430000007152557,3.26999998092651,2.45000004768372,0,6,51,115,1268,1880,false,,,,Saturday,7
4020332650,2016-04-16,1982,1.41999995708466,1.41999995708466,0,0.449999988079071,0.370000004768372,0.589999973773956,0,65,21,55,1222,3051,false,1,77,77,Saturday,7
6775888955,2016-04-16,4732,3.39000010490417,3.39000010490417,0,2.51999998092651,0.810000002384186,0.0599999986588955,0,36,18,9,1377,2225,false,,,,Saturday,7
4558609924,2016-04-16,7289,4.82000017166138,4.82000017166138,0,0.550000011920929,0.75,3.5,0,8,12,308,1112,1997,false,,,,Saturday,7
1503960366,2016-04-16,12669,8.15999984741211,8.15999984741211,0,2.71000003814697,0.409999996423721,5.03999996185303,0,36,10,221,773,1863,false,2,340,367,Saturday,7
8053475328,2016-04-16,14549,11.1099996566772,11.1099996566772,0,9.35999965667725,0.270000010728836,1.49000000953674,0,96,6,83,1255,2867,false,,,,Saturday,7
6117666160,2016-04-16,14450,10.9099998474121,10.9099998474121,0,0.579999983310699,0.850000023841858,9.47999954223633,0,7,15,518,502,2828,false,1,380,398,Saturday,7
2347167796,2016-04-16,22244,15.0799999237061,15.0799999237061,0,5.44999980926514,4.09999990463257,5.53000020980835,0,66,72,268,968,2670,false,,,,Saturday,7
4702921684,2016-04-16,11140,9.02999973297119,9.02999973297119,0,0.239999994635582,1.25,7.53999996185303,0,3,24,335,556,3328,false,2,382,406,Saturday,7
5577150313,2016-04-16,14269,10.6599998474121,10.6599998474121,0,6.6399998664856,1.27999997138977,2.73000001907349,0,184,56,158,472,4274,false,1,406,445,Saturday,7
8253242879,2016-04-17,10204,7.90999984741211,7.90999984741211,0,5.42999982833862,0.150000005960464,2.32999992370605,0,41,5,157,1237,2112,false,,,,Sunday,1
2022484408,2016-04-17,15112,11.3999996185303,11.3999996185303,0,3.86999988555908,0.660000026226044,6.88000011444092,0,28,29,331,1052,2782,false,,,,Sunday,1
8053475328,2016-04-17,18827,13.6899995803833,13.6899995803833,0,9.23999977111816,0.800000011920929,3.64000010490417,0,111,21,195,1113,3213,false,,,,Sunday,1
1844505072,2016-04-17,4525,2.99000000953674,2.99000000953674,0,0.140000000596046,0.259999990463257,2.58999991416931,0,2,8,199,1231,1793,false,,,,Sunday,1
6290855005,2016-04-17,7851,5.94000005722046,5.94000005722046,0,1.13999998569489,0.790000021457672,4,0,31,12,225,1172,3171,false,,,,Sunday,1
1644430081,2016-04-17,8757,6.36999988555908,6.36999988555908,0,2.25,0.569999992847443,3.54999995231628,0,29,13,186,1212,3011,false,,,,Sunday,1
3977333714,2016-04-17,10415,6.96999979019165,6.96999979019165,0,0.699999988079071,2.34999990463257,3.92000007629395,0,11,58,205,600,1529,false,1,381,566,Sunday,1
5577150313,2016-04-17,12231,9.14000034332275,9.14000034332275,0,5.98000001907349,0.829999983310699,2.3199999332428,0,200,37,159,525,4552,false,1,549,583,Sunday,1
1624580081,2016-04-17,6175,4.05999994277954,4.05999994277954,0,1.02999997138977,1.51999998092651,1.49000000953674,0.00999999977648258,15,22,127,1276,1554,false,,,,Sunday,1
4702921684,2016-04-17,12692,10.289999961853,10.289999961853,0,0.959999978542328,3.46000003814697,5.88000011444092,0,12,66,302,437,3394,false,1,591,612,Sunday,1
6775888955,2016-04-17,2497,1.78999996185303,1.78999996185303,0,0.349999994039536,1.12999999523163,0.310000002384186,0,5,24,19,1392,2067,false,,,,Sunday,1
4558609924,2016-04-17,9634,6.40000009536743,6.40000009536743,0,0.550000011920929,1.13999998569489,4.71000003814697,0,7,19,304,1110,2117,false,,,,Sunday,1
3372868164,2016-04-17,8199,5.88000011444092,5.88000011444092,0,1.4099999666214,0.100000001490116,4.3600001335144,0.00999999977648258,11,2,322,1105,1964,false,,,,Sunday,1
1503960366,2016-04-17,9705,6.48000001907349,6.48000001907349,0,3.19000005722046,0.779999971389771,2.50999999046326,0,38,20,164,539,1728,false,1,700,712,Sunday,1
8053475328,2016-04-18,17076,12.6599998474121,12.6599998474121,0,9.07999992370605,0.230000004172325,3.34999990463257,0,102,6,195,1137,3133,false,,,,Monday,2
6962181067,2016-04-18,11404,7.53999996185303,7.53999996185303,0,0.829999983310699,2.39000010490417,4.32000017166138,0,13,42,238,689,2039,false,1,442,458,Monday,2
2347167796,2016-04-18,8247,5.44999980926514,5.44999980926514,0,0.790000021457672,0.860000014305115,3.78999996185303,0,11,16,206,678,1944,false,1,500,557,Monday,2
6775888955,2016-04-18,8294,5.94999980926514,5.94999980926514,0,2,0.769999980926514,3.17000007629395,0,30,31,146,1233,2798,false,,,,Monday,2
8583815059,2016-04-18,3864,3.00999999046326,3.00999999046326,0,0.310000002384186,1.05999994277954,1.35000002384186,0,4,22,105,1309,2536,false,,,,Monday,2
4702921684,2016-04-18,9105,7.38000011444092,7.38000011444092,0,1.82000005245209,1.49000000953674,4.07000017166138,0,22,30,191,890,3013,false,1,293,312,Monday,2
1644430081,2016-04-18,7132,5.19000005722046,5.19000005722046,0,1.07000005245209,1.66999995708466,2.45000004768372,0,15,33,121,1271,2806,false,,,,Monday,2
2022484408,2016-04-18,14131,10.0699996948242,10.0699996948242,0,3.64000010490417,0.119999997317791,6.30000019073486,0,48,3,311,1078,2770,false,,,,Monday,2
4558609924,2016-04-18,8940,5.90999984741211,5.90999984741211,0,0.980000019073486,0.930000007152557,4,0,14,15,331,1080,2116,false,,,,Monday,2
1624580081,2016-04-18,10536,7.40999984741211,7.40999984741211,0,2.15000009536743,0.620000004768372,4.61999988555908,0.00999999977648258,17,7,202,1214,1604,false,,,,Monday,2
1503960366,2016-04-18,13019,8.59000015258789,8.59000015258789,0,3.25,0.639999985694885,4.71000003814697,0,42,16,233,1149,1921,false,,,,Monday,2
5577150313,2016-04-18,9893,7.3899998664856,7.3899998664856,0,4.8600001335144,0.720000028610229,1.82000005245209,0,114,32,130,623,3625,false,1,527,553,Monday,2
7007744171,2016-04-18,14816,10.9799995422363,9.90999984741211,4.93055009841919,3.78999996185303,2.11999988555908,5.05000019073486,0.0199999995529652,48,31,284,1077,2832,false,,,,Monday,2
8253242879,2016-04-18,5151,3.48000001907349,3.48000001907349,0,1.03999996185303,0.629999995231628,1.79999995231628,0,16,16,130,1278,1829,false,,,,Monday,2
8877689391,2016-04-18,11423,8.67000007629395,8.67000007629395,0,2.44000005722046,0.270000010728836,5.94000005722046,0,29,5,191,1215,2761,false,,,,Monday,2
7086361926,2016-04-18,9827,6.71000003814697,6.71000003814697,0,3.17000007629395,1.22000002861023,2.30999994277954,0,61,51,114,1136,2743,false,,,,Monday,2
3372868164,2016-04-18,6798,4.6399998664856,4.6399998664856,0,1.08000004291534,0.200000002980232,3.34999990463257,0,20,7,343,1070,2014,false,,,,Monday,2
4388161847,2016-04-18,11009,9.10000038146973,9.10000038146973,0,3.55999994277954,0.400000005960464,5.1399998664856,0,27,8,239,1017,3274,false,1,99,104,Monday,2
8378563200,2016-04-18,13630,10.8100004196167,10.8100004196167,2.0921471118927,5.05000019073486,0.560000002384186,5.19999980926514,0,117,10,174,720,4157,false,1,398,451,Monday,2
4445114986,2016-04-18,6155,4.23999977111816,4.23999977111816,0,2,0.28999999165535,1.95000004768372,0,25,6,162,1247,2248,false,,,,Monday,2
8378563200,2016-04-19,13070,10.3599996566772,10.3599996566772,2.25308108329773,5.30000019073486,0.879999995231628,4.17999982833862,0,120,19,154,737,4092,false,1,387,421,Tuesday,3
7007744171,2016-04-19,14194,10.4799995422363,9.5,4.94214200973511,4.40999984741211,0.759999990463257,5.30999994277954,0,53,17,304,1066,2812,false,,,,Tuesday,3
7086361926,2016-04-19,10688,7.28999996185303,7.28999996185303,0,3.52999997138977,1.23000001907349,2.50999999046326,0,67,69,124,671,2944,false,1,472,483,Tuesday,3
5577150313,2016-04-19,12574,9.42000007629395,9.42000007629395,0,7.01999998092651,0.639999985694885,1.75999999046326,0,108,23,111,733,3501,false,1,449,465,Tuesday,3
1644430081,2016-04-19,11256,8.18000030517578,8.18000030517578,0,0.360000014305115,2.52999997138977,5.30000019073486,0,5,58,278,1099,3300,false,,,,Tuesday,3
2022484408,2016-04-19,11548,8.52999973297119,8.52999973297119,0,3.28999996185303,0.239999994635582,5,0,31,7,250,1152,2489,false,,,,Tuesday,3
6962181067,2016-04-19,10742,7.09999990463257,7.09999990463257,0,2.09999990463257,2.13000011444092,2.86999988555908,0,35,41,195,659,2046,false,1,476,535,Tuesday,3
4702921684,2016-04-19,6708,5.44000005722046,5.44000005722046,0,0.879999995231628,0.370000004768372,4.19000005722046,0,10,8,179,757,2812,false,1,457,487,Tuesday,3
1503960366,2016-04-19,15506,9.88000011444092,9.88000011444092,0,3.52999997138977,1.32000005245209,5.03000020980835,0,50,31,264,775,2035,false,1,304,320,Tuesday,3
8053475328,2016-04-19,15929,12.4799995422363,12.4799995422363,0,9.22000026702881,0.310000002384186,2.95000004768372,0,90,7,191,1152,3114,false,,,,Tuesday,3
8877689391,2016-04-19,18785,17.3999996185303,17.3999996185303,0,12.1499996185303,0.180000007152557,5.03000020980835,0,82,13,214,1131,3676,false,,,,Tuesday,3
8583815059,2016-04-19,5697,4.44000005722046,4.44000005722046,0,0.529999971389771,0.479999989271164,3.44000005722046,0,7,10,166,1257,2668,false,,,,Tuesday,3
5553957443,2016-04-19,15482,10.1099996566772,10.1099996566772,0,4.28000020980835,1.6599999666214,4.17999982833862,0,69,28,249,756,2284,false,1,357,410,Tuesday,3
3977333714,2016-04-19,12414,8.77999973297119,8.77999973297119,0,2.24000000953674,2.45000004768372,3.96000003814697,0,19,67,221,738,1638,false,1,219,395,Tuesday,3
4558609924,2016-04-19,5401,3.5699999332428,3.5699999332428,0,0.0500000007450581,0.360000014305115,3.16000008583069,0,1,9,248,1182,1876,false,,,,Tuesday,3
4388161847,2016-04-19,10181,7.82999992370605,7.82999992370605,0,1.37000000476837,0.689999997615814,5.76999998092651,0,20,16,249,704,3015,false,1,329,338,Tuesday,3
7086361926,2016-04-20,14365,10.6400003433228,10.6400003433228,0,7.6399998664856,0.449999988079071,2.53999996185303,0,87,13,145,797,2997,false,1,492,502,Wednesday,4
2022484408,2016-04-20,15112,10.6700000762939,10.6700000762939,0,3.33999991416931,1.92999994754791,5.40000009536743,0,48,63,276,1053,2897,false,,,,Wednesday,4
6962181067,2016-04-20,13928,9.55000019073486,9.55000019073486,0,4.28000020980835,0.189999997615814,5.09000015258789,0,48,4,297,639,2174,false,1,418,424,Wednesday,4
8877689391,2016-04-20,19948,18.1100006103516,18.1100006103516,0,11.0200004577637,0.689999997615814,6.34000015258789,0,73,19,225,1123,3679,false,,,,Wednesday,4
8378563200,2016-04-20,9388,7.44000005722046,7.44000005722046,2.0921471118927,2.23000001907349,0.439999997615814,4.78000020980835,0,82,8,169,763,3787,false,1,381,409,Wednesday,4
5577150313,2016-04-20,8330,6.21999979019165,6.21999979019165,0,4.11999988555908,0.340000003576279,1.75999999046326,0,87,16,113,773,3192,false,1,447,480,Wednesday,4
1503960366,2016-04-20,10544,6.67999982833862,6.67999982833862,0,1.96000003814697,0.479999989271164,4.23999977111816,0,28,12,205,818,1786,false,1,360,377,Wednesday,4
2347167796,2016-04-20,10999,7.26999998092651,7.26999998092651,0,0.680000007152557,1.80999994277954,4.78000020980835,0,11,43,269,1011,2198,false,,,,Wednesday,4
7007744171,2016-04-20,15566,11.3100004196167,10.4099998474121,4.92484092712402,4.78999996185303,0.670000016689301,5.8600001335144,0,60,33,347,1000,3096,false,,,,Wednesday,4
2873212765,2016-04-20,9202,6.30000019073486,6.30000019073486,0,1.50999999046326,0.119999997317791,4.65999984741211,0.00999999977648258,22,5,378,1035,2094,false,,,,Wednesday,4
8053475328,2016-04-20,15108,12.1899995803833,12.1899995803833,0,9.57999992370605,0.230000004172325,2.38000011444092,0,89,5,158,695,3043,false,1,486,493,Wednesday,4
3372868164,2016-04-20,4880,3.32999992370605,3.32999992370605,0,0.839999973773956,0.0900000035762787,2.38000011444092,0.0199999995529652,15,3,274,1148,1867,false,,,,Wednesday,4
3977333714,2016-04-20,11658,7.82999992370605,7.82999992370605,0,0.200000002980232,4.34999990463257,3.27999997138977,0,2,98,164,845,1554,false,2,152,305,Wednesday,4
4702921684,2016-04-20,8793,7.13000011444092,7.13000011444092,0,0.159999996423721,1.23000001907349,5.73000001907349,0,2,29,260,717,3061,false,1,454,468,Wednesday,4
6117666160,2016-04-20,10449,8.02000045776367,8.02000045776367,0,2.02999997138977,0.479999989271164,5.51999998092651,0,26,10,349,587,2536,false,1,474,502,Wednesday,4
6775888955,2016-04-20,10771,7.71999979019165,7.71999979019165,0,3.76999998092651,1.74000000953674,2.22000002861023,0,70,113,178,1079,3727,false,,,,Wednesday,4
4388161847,2016-04-20,10553,8.11999988555908,8.11999988555908,0,1.10000002384186,1.72000002861023,5.28999996185303,0,19,42,228,696,3083,false,1,421,451,Wednesday,4
8053475328,2016-04-21,16057,12.5100002288818,12.5100002288818,0,9.67000007629395,0.25,2.57999992370605,0,100,6,170,1164,3103,false,,,,Thursday,5
4702921684,2016-04-21,6530,5.30000019073486,5.30000019073486,0,0.310000002384186,2.04999995231628,2.94000005722046,0,4,41,144,901,2729,false,1,425,434,Thursday,5
8253242879,2016-04-21,11268,8.5600004196167,8.5600004196167,0,5.88000011444092,0.930000007152557,1.75,0,49,20,172,1199,2218,false,,,,Thursday,5
1503960366,2016-04-21,9819,6.34000015258789,6.34000015258789,0,1.3400000333786,0.349999994039536,4.65000009536743,0,19,8,211,838,1775,false,1,325,364,Thursday,5
8877689391,2016-04-21,19377,17.6200008392334,17.6200008392334,0,12.289999961853,0.419999986886978,4.8899998664856,0,82,13,226,1119,3659,false,,,,Thursday,5
3372868164,2016-04-21,8857,6.07000017166138,6.07000017166138,0,1.14999997615814,0.259999990463257,4.6399998664856,0.00999999977648258,18,9,376,1037,2124,false,,,,Thursday,5
6117666160,2016-04-21,19542,15.0100002288818,15.0100002288818,0,0.980000019073486,0.400000005960464,5.61999988555908,0,11,19,294,579,4900,false,1,508,550,Thursday,5
7007744171,2016-04-21,13744,9.1899995803833,9.1899995803833,0,2.15000009536743,1.87000000476837,5.17000007629395,0,30,34,327,1049,2763,false,,,,Thursday,5
2022484408,2016-04-21,12453,8.73999977111816,8.73999977111816,0,3.32999992370605,1.11000001430511,4.30999994277954,0,104,53,255,1028,3158,false,,,,Thursday,5
5553957443,2016-04-21,12346,8.0600004196167,8.0600004196167,0,2.95000004768372,2.16000008583069,2.96000003814697,0,47,42,177,801,2066,false,1,399,431,Thursday,5
5577150313,2016-04-21,10830,8.09000015258789,8.09000015258789,0,3.65000009536743,1.6599999666214,2.77999997138977,0,110,74,175,670,4018,false,1,414,437,Thursday,5
4558609924,2016-04-21,13743,9.07999992370605,9.07999992370605,0,0.419999986886978,0.970000028610229,7.69999980926514,0,6,21,432,844,2486,false,1,126,137,Thursday,5
8378563200,2016-04-21,15148,12.0100002288818,12.0100002288818,2.25308108329773,6.90000009536743,0.819999992847443,4.28999996185303,0,137,16,145,677,4236,false,1,396,417,Thursday,5
6962181067,2016-04-21,11835,9.71000003814697,7.88000011444092,4.08169221878052,3.99000000953674,2.09999990463257,3.50999999046326,0.109999999403954,53,27,214,708,2179,false,1,451,457,Thursday,5
7086361926,2016-04-21,9469,6.17999982833862,6.17999982833862,0,1.36000001430511,0.300000011920929,4.51000022888184,0,19,6,206,758,2463,false,1,390,411,Thursday,5
8583815059,2016-04-21,8538,6.65999984741211,6.65999984741211,0,2.63000011444092,1.01999998092651,3.00999999046326,0,35,18,158,1229,2883,false,,,,Thursday,5
1844505072,2016-04-21,8054,5.32000017166138,5.32000017166138,0,0.119999997317791,0.519999980926514,4.67999982833862,0,2,13,308,1117,2062,false,,,,Thursday,5
2347167796,2016-04-21,10080,6.75,6.75,0,1.85000002384186,1.52999997138977,3.38000011444092,0,23,26,208,761,2048,false,1,460,484,Thursday,5
5553957443,2016-04-22,11682,7.63000011444092,7.63000011444092,0,1.37999999523163,0.629999995231628,5.59999990463257,0,25,16,270,781,2105,false,1,322,353,Friday,6
7086361926,2016-04-22,9753,6.53000020980835,6.53000020980835,0,2.86999988555908,0.970000028610229,2.67000007629395,0,58,59,153,762,2846,false,1,428,448,Friday,6
8583815059,2016-04-22,8687,6.78000020980835,6.78000020980835,0,0.28999999165535,2.41000008583069,4.07999992370605,0,4,54,212,1170,2944,false,,,,Friday,6
6962181067,2016-04-22,10725,7.09000015258789,7.09000015258789,0,1.76999998092651,1.54999995231628,3.76999998092651,0,30,33,240,659,2086,false,1,425,435,Friday,6
2873212765,2016-04-22,7286,4.90000009536743,4.90000009536743,0,0.46000000834465,0,4.42000007629395,0.0199999995529652,46,0,366,1028,2241,false,,,,Friday,6
2022484408,2016-04-22,12954,9.32999992370605,9.32999992370605,0,4.42999982833862,0.419999986886978,4.46999979019165,0,52,10,273,1105,2638,false,,,,Friday,6
3977333714,2016-04-22,8911,5.96000003814697,5.96000003814697,0,2.32999992370605,0.579999983310699,3.05999994277954,0,33,12,188,731,1481,false,1,355,476,Friday,6
5577150313,2016-04-22,9172,6.84999990463257,6.84999990463257,0,2.42000007629395,0.790000021457672,3.29999995231628,0,62,30,200,823,3329,false,1,338,366,Friday,6
4558609924,2016-04-22,9601,6.34999990463257,6.34999990463257,0,1.37000000476837,1.5,3.47000002861023,0,20,25,273,1122,2094,false,,,,Friday,6
8792009665,2016-04-22,4068,2.59999990463257,2.59999990463257,0,0.0500000007450581,0.280000001192093,2.26999998092651,0,1,20,195,817,2419,false,1,391,407,Friday,6
8053475328,2016-04-22,10520,8.28999996185303,8.28999996185303,0,6.26000022888184,0.150000005960464,1.87999999523163,0,60,3,117,1260,2655,false,,,,Friday,6
7007744171,2016-04-22,15299,10.2399997711182,10.2399997711182,0,4.09999990463257,1.75999999046326,4.36999988555908,0,64,50,261,1065,2889,false,,,,Friday,6
4388161847,2016-04-22,12139,9.34000015258789,9.34000015258789,0,3.29999995231628,1.11000001430511,4.92000007629395,0,77,25,220,945,3544,false,1,82,85,Friday,6
1503960366,2016-04-22,12764,8.13000011444092,8.13000011444092,0,4.76000022888184,1.12000000476837,2.24000000953674,0,66,27,130,1217,1827,false,,,,Friday,6
8378563200,2016-04-22,12200,9.67000007629395,9.67000007629395,2.0921471118927,4.90999984741211,0.589999973773956,4.17999982833862,0,113,12,159,769,4044,false,1,441,469,Friday,6
8877689391,2016-04-22,18258,16.3099994659424,16.3099994659424,0,10.2299995422363,0.0299999993294477,5.96999979019165,0.0500000007450581,61,2,236,1141,3427,false,,,,Friday,6
2347167796,2016-04-22,7804,5.15999984741211,5.15999984741211,0,0.560000002384186,1.67999994754791,2.92000007629395,0,9,27,206,781,1946,false,1,405,461,Friday,6
8583815059,2016-04-23,9423,7.34999990463257,7.34999990463257,0,0.529999971389771,2.02999997138977,4.75,0,7,44,238,1151,3012,false,,,,Saturday,7
8378563200,2016-04-23,5709,4.53000020980835,4.53000020980835,0,1.51999998092651,0.519999980926514,2.48000001907349,0,19,10,136,740,2908,false,1,565,591,Saturday,7
8253242879,2016-04-23,9282,6.26000022888184,6.26000022888184,0,2.08999991416931,1.03999996185303,3.13000011444092,0,30,26,191,1193,2132,false,,,,Saturday,7
2873212765,2016-04-23,9317,6.34999990463257,6.34999990463257,0,2.08999991416931,0.230000004172325,4.01999998092651,0.00999999977648258,28,5,330,1077,2021,false,,,,Saturday,7
4702921684,2016-04-23,15126,12.2700004577637,12.2700004577637,0,0.759999990463257,3.24000000953674,8.27000045776367,0,9,66,408,469,3691,false,1,465,475,Saturday,7
3372868164,2016-04-23,7396,5.07000017166138,5.07000017166138,0,1.39999997615814,0.0799999982118607,3.57999992370605,0,20,2,303,1115,1995,false,,,,Saturday,7
2347167796,2016-04-23,16901,11.3699998855591,11.3699998855591,0,2.77999997138977,1.45000004768372,7.15000009536743,0,32,35,360,591,2629,false,1,374,386,Saturday,7
1503960366,2016-04-23,14371,9.03999996185303,9.03999996185303,0,2.80999994277954,0.870000004768372,5.3600001335144,0,41,21,262,732,1949,false,1,361,384,Saturday,7
8053475328,2016-04-23,22359,17.1900005340576,17.1900005340576,0,12.539999961853,0.629999995231628,4.01999998092651,0,125,14,223,741,3554,false,1,331,337,Saturday,7
4388161847,2016-04-23,13236,10.1800003051758,10.1800003051758,0,4.5,0.319999992847443,5.34999990463257,0,58,5,215,749,3306,false,1,478,501,Saturday,7
8792009665,2016-04-23,5245,3.35999989509583,3.35999989509583,0,0.159999996423721,0.439999997615814,2.75,0,8,45,232,795,2748,false,1,339,360,Saturday,7
6962181067,2016-04-23,20031,13.2399997711182,13.2399997711182,0,4.19999980926514,2,7.03999996185303,0,58,41,347,484,2571,false,1,528,546,Saturday,7
5577150313,2016-04-23,7638,5.71000003814697,5.71000003814697,0,1.21000003814697,0.360000014305115,4.1399998664856,0,24,24,223,627,3152,false,1,384,402,Saturday,7
5577150313,2016-04-24,15764,11.7799997329712,11.7799997329712,0,7.65000009536743,2.15000009536743,1.98000001907349,0,210,65,141,425,4392,false,1,543,615,Sunday,1
3977333714,2016-04-24,14112,10,10,0,3.26999998092651,4.55999994277954,2.17000007629395,0,30,95,129,660,1655,false,1,310,526,Sunday,1
1624580081,2016-04-24,6076,3.95000004768372,3.95000004768372,0,1.14999997615814,0.910000026226044,1.88999998569489,0,16,18,185,1221,1617,false,,,,Sunday,1
2022484408,2016-04-24,13481,10.2799997329712,10.2799997329712,0,4.55000019073486,1.14999997615814,4.57999992370605,0,37,26,216,1161,2529,false,,,,Sunday,1
8877689391,2016-04-24,16674,15.7399997711182,15.7399997711182,0,11.0100002288818,0.00999999977648258,4.69000005722046,0,64,1,227,1148,3455,false,,,,Sunday,1
4702921684,2016-04-24,15050,12.2200002670288,12.2200002670288,0,1.20000004768372,5.11999988555908,5.88000011444092,0,15,95,281,542,3538,false,1,480,506,Sunday,1
6775888955,2016-04-24,2153,1.53999996185303,1.53999996185303,0,0.769999980926514,0.620000004768372,0.150000005960464,0,11,18,11,1400,2053,false,,,,Sunday,1
8792009665,2016-04-24,400,0.259999990463257,0.259999990463257,0,0.0399999991059303,0.0500000007450581,0.159999996423721,0,3,8,19,1410,1799,false,,,,Sunday,1
8253242879,2016-04-24,8905,7.13000011444092,7.13000011444092,0,5.59999990463257,0.189999997615814,1.3400000333786,0,41,4,82,1313,1976,false,,,,Sunday,1
1503960366,2016-04-24,10039,6.40999984741211,6.40999984741211,0,2.92000007629395,0.209999993443489,3.27999997138977,0,39,5,238,709,1788,false,1,430,449,Sunday,1
8583815059,2016-04-24,8286,6.46000003814697,6.46000003814697,0,0.150000005960464,2.04999995231628,4.26999998092651,0,2,44,206,1188,2889,false,,,,Sunday,1
8053475328,2016-04-24,22988,17.9500007629395,17.9500007629395,0,13.1300001144409,1.54999995231628,3.25999999046326,0,129,33,182,1096,3577,false,,,,Sunday,1
2873212765,2016-04-24,6873,4.67999982833862,4.67999982833862,0,3,0.0599999986588955,1.62000000476837,0,46,1,190,1203,1898,false,,,,Sunday,1
4388161847,2016-04-24,10243,7.88000011444092,7.88000011444092,0,1.08000004291534,0.509999990463257,6.30000019073486,0,14,8,239,584,2885,false,3,552,595,Sunday,1
3372868164,2016-04-24,6731,4.59000015258789,4.59000015258789,0,0.889999985694885,0.189999997615814,3.49000000953674,0.0199999995529652,14,7,292,1127,1921,false,,,,Sunday,1
2320127002,2016-04-25,3588,2.42000007629395,2.42000007629395,0,0.230000004172325,0.200000002980232,1.99000000953674,0,3,5,152,1280,1654,false,,,,Monday,2
3977333714,2016-04-25,11177,8.47999954223633,8.47999954223633,0,5.61999988555908,0.430000007152557,2.41000008583069,0,50,9,133,781,1570,false,1,262,467,Monday,2
6290855005,2016-04-25,7802,5.90000009536743,5.90000009536743,0,0.680000007152557,0.180000007152557,5.03000020980835,0.00999999977648258,8,3,249,1180,2771,false,,,,Monday,2
6962181067,2016-04-25,13239,9.27000045776367,9.07999992370605,2.78517508506775,3.01999998092651,1.67999994754791,4.46000003814697,0.100000001490116,35,31,282,637,2194,false,1,400,415,Monday,2
4702921684,2016-04-25,9167,7.42999982833862,7.42999982833862,0,0.490000009536743,0.819999992847443,6.1100001335144,0,6,15,270,730,3064,false,1,370,380,Monday,2
1503960366,2016-04-25,15355,9.80000019073486,9.80000019073486,0,5.28999996185303,0.569999992847443,3.94000005722046,0,73,14,216,814,2013,false,1,277,323,Monday,2
8053475328,2016-04-25,20500,15.6899995803833,15.6899995803833,0,11.3699998855591,0.46000000834465,3.85999989509583,0,118,9,209,1104,3403,false,,,,Monday,2
1644430081,2016-04-25,3580,2.59999990463257,2.59999990463257,0,0.589999973773956,0.0599999986588955,1.95000004768372,0,8,1,94,1337,2497,false,,,,Monday,2
7007744171,2016-04-25,18229,13.3400001525879,12.1999998092651,4.86179208755493,4.30999994277954,1.37000000476837,7.67000007629395,0,51,24,379,986,3055,false,,,,Monday,2
2022484408,2016-04-25,11369,8.01000022888184,8.01000022888184,0,3.32999992370605,0.219999998807907,4.46000003814697,0,44,8,217,1171,2470,false,,,,Monday,2
4388161847,2016-04-25,12961,9.97000026702881,9.97000026702881,0,0.730000019073486,1.39999997615814,7.84000015258789,0,11,31,301,1054,3288,false,,,,Monday,2
8583815059,2016-04-25,4503,3.50999999046326,3.50999999046326,0,1.47000002861023,0.239999994635582,1.80999994277954,0,18,6,122,1294,2547,false,,,,Monday,2
8253242879,2016-04-25,6829,4.51000022888184,4.51000022888184,0,0.360000014305115,2.39000010490417,1.76999998092651,0,7,54,118,1261,1909,false,,,,Monday,2
8378563200,2016-04-25,12405,9.84000015258789,9.84000015258789,2.0921471118927,5.05000019073486,0.870000004768372,3.92000007629395,0,117,16,141,692,4005,false,1,388,402,Monday,2
2347167796,2016-04-25,9482,6.38000011444092,6.38000011444092,0,1.26999998092651,0.519999980926514,4.59999990463257,0,15,11,277,653,2095,false,1,433,471,Monday,2
7086361926,2016-04-25,10091,6.82000017166138,6.82000017166138,0,3.75,0.699999988079071,2.36999988555908,0,69,39,129,706,2752,false,1,446,447,Monday,2
5553957443,2016-04-25,10946,7.19000005722046,7.19000005722046,0,2.9300000667572,0.569999992847443,3.69000005722046,0,51,11,201,732,2033,false,1,433,468,Monday,2
8877689391,2016-04-25,12986,8.73999977111816,8.73999977111816,0,2.36999988555908,0.0700000002980232,6.26999998092651,0.00999999977648258,113,8,218,1101,3802,false,,,,Monday,2
6775888955,2016-04-25,6474,4.6399998664856,4.6399998664856,0,2.26999998092651,0.46000000834465,1.89999997615814,0,33,13,92,1302,2484,false,,,,Monday,2
4558609924,2016-04-25,8095,5.34999990463257,5.34999990463257,0,0.589999973773956,0.25,4.51000022888184,0,18,10,340,993,2225,false,,,,Monday,2
5577150313,2016-04-25,6393,4.78000020980835,4.78000020980835,0,1.35000002384186,0.670000016689301,2.75999999046326,0,61,38,214,743,3374,false,1,421,461,Monday,2
7007744171,2016-04-26,15090,10.1000003814697,10.1000003814697,0,0.930000007152557,0.939999997615814,8.22999954223633,0,16,22,424,978,2939,false,,,,Tuesday,3
8053475328,2016-04-26,12685,9.61999988555908,9.61999988555908,0,6.30999994277954,0.200000002980232,3.09999990463257,0,68,5,185,1182,2846,false,,,,Tuesday,3
1503960366,2016-04-26,13755,8.78999996185303,8.78999996185303,0,2.32999992370605,0.920000016689301,5.53999996185303,0,31,23,279,833,1970,false,1,245,274,Tuesday,3
4445114986,2016-04-26,6326,4.40999984741211,4.40999984741211,0,2.41000008583069,0.0399999991059303,1.96000003814697,0,29,1,180,839,2291,false,2,353,391,Tuesday,3
4558609924,2016-04-26,9148,6.05000019073486,6.05000019073486,0,0.430000007152557,2.02999997138977,3.58999991416931,0,12,41,283,1062,2223,false,1,103,121,Tuesday,3
6775888955,2016-04-26,7091,5.26999998092651,5.26999998092651,1.95959603786469,3.48000001907349,0.870000004768372,0.730000019073486,0,42,30,47,1321,2584,false,,,,Tuesday,3
2873212765,2016-04-26,8242,5.53999996185303,5.53999996185303,0,0.119999997317791,0.180000007152557,5.23999977111816,0,2,5,309,1124,1882,false,,,,Tuesday,3
4388161847,2016-04-26,9461,7.28000020980835,7.28000020980835,0,0.939999997615814,1.05999994277954,5.26999998092651,0,14,23,224,673,2929,false,1,319,346,Tuesday,3
8253242879,2016-04-26,4562,3.03999996185303,3.03999996185303,0,1.17999994754791,0.490000009536743,1.37000000476837,0,19,14,108,1299,1813,false,,,,Tuesday,3
2022484408,2016-04-26,10119,7.19000005722046,7.19000005722046,0,1.42999994754791,0.660000026226044,5.1100001335144,0,55,24,275,1086,2793,false,,,,Tuesday,3
1644430081,2016-04-26,9919,7.21000003814697,7.21000003814697,0,0.800000011920929,1.72000002861023,4.69000005722046,0,11,41,223,1165,3123,false,,,,Tuesday,3
6962181067,2016-04-26,10433,6.90000009536743,6.90000009536743,0,2.57999992370605,0.419999986886978,3.90000009536743,0,36,7,254,680,2012,false,1,441,446,Tuesday,3
4319703577,2016-04-26,9899,6.6399998664856,6.6399998664856,0,0.569999992847443,0.920000016689301,5.15000009536743,0,8,21,288,649,2236,false,1,505,516,Tuesday,3
5553957443,2016-04-26,11886,7.76000022888184,7.76000022888184,0,2.36999988555908,0.930000007152557,4.46000003814697,0,40,18,238,750,2093,false,1,412,453,Tuesday,3
7086361926,2016-04-26,10387,7.07000017166138,7.07000017166138,0,4.15999984741211,0.769999980926514,2.11999988555908,0,70,33,132,726,2781,false,1,485,500,Tuesday,3
5577150313,2016-04-26,5325,3.98000001907349,3.98000001907349,0,0.850000023841858,0.649999976158142,2.47000002861023,0,38,32,181,759,3088,false,1,354,377,Tuesday,3
3977333714,2016-04-26,11388,7.61999988555908,7.61999988555908,0,0.449999988079071,4.21999979019165,2.95000004768372,0,7,95,170,797,1551,false,1,250,371,Tuesday,3
8378563200,2016-04-26,16208,12.8500003814697,12.8500003814697,0,7.51000022888184,0.920000016689301,4.42000007629395,0,90,18,161,593,3763,false,1,550,584,Tuesday,3
3372868164,2016-04-26,8283,5.78999996185303,5.78999996185303,0,1.85000002384186,0.0500000007450581,3.86999988555908,0.00999999977648258,22,2,333,1083,2057,false,,,,Tuesday,3
8877689391,2016-04-26,11101,8.43000030517578,8.43000030517578,0,1.75999999046326,0.129999995231628,6.5,0,22,3,258,1157,2860,false,,,,Tuesday,3
5577150313,2016-04-27,6805,5.1399998664856,5.1399998664856,0,1.80999994277954,0.400000005960464,2.9300000667572,0,63,16,190,773,3294,false,1,424,452,Wednesday,4
8253242879,2016-04-27,10232,8.18000030517578,8.18000030517578,0,6.23999977111816,0.230000004172325,1.70000004768372,0,45,5,104,1286,2008,false,,,,Wednesday,4
7007744171,2016-04-27,13541,10.2200002670288,9.0600004196167,4.88560485839844,4.26999998092651,0.660000026226044,5.28999996185303,0,50,12,337,1041,2830,false,,,,Wednesday,4
1503960366,2016-04-27,18134,12.210000038147,12.210000038147,0,6.40000009536743,0.409999996423721,5.40999984741211,0,78,11,243,1108,2159,false,,,,Wednesday,4
1624580081,2016-04-27,8367,5.44000005722046,5.44000005722046,0,1.11000001430511,1.87000000476837,2.46000003814697,0,17,36,154,1233,1670,false,,,,Wednesday,4
7086361926,2016-04-27,11107,8.34000015258789,8.34000015258789,0,5.63000011444092,0.180000007152557,2.52999997138977,0,55,6,145,829,2693,false,1,469,479,Wednesday,4
4558609924,2016-04-27,9557,6.32000017166138,6.32000017166138,0,1.96000003814697,0.889999985694885,3.46000003814697,0,27,14,312,1087,2098,false,,,,Wednesday,4
3372868164,2016-04-27,7904,5.42000007629395,5.42000007629395,0,1.58000004291534,0.629999995231628,3.19000005722046,0.00999999977648258,24,13,346,1057,2095,false,,,,Wednesday,4
8053475328,2016-04-27,12422,9.81999969482422,9.81999969482422,0,6.46000003814697,0.430000007152557,2.9300000667572,0,60,10,183,1187,2852,false,,,,Wednesday,4
4388161847,2016-04-27,11193,8.60999965667725,8.60999965667725,0,0.699999988079071,2.50999999046326,5.3899998664856,0,11,48,241,684,3074,false,1,439,500,Wednesday,4
4445114986,2016-04-27,7243,5.03000020980835,5.03000020980835,0,2.61999988555908,0.0299999993294477,2.38000011444092,0,32,1,194,839,2361,false,1,332,374,Wednesday,4
4702921684,2016-04-27,7047,5.71999979019165,5.71999979019165,0,0.0900000035762787,0.800000011920929,4.78000020980835,0,1,16,238,733,2908,false,1,432,449,Wednesday,4
8583815059,2016-04-27,12474,9.72999954223633,9.72999954223633,0,6.59999990463257,0.270000010728836,2.86999988555908,0,77,5,129,1229,3142,false,,,,Wednesday,4
5553957443,2016-04-27,10538,6.88000011444092,6.88000011444092,0,1.13999998569489,1,4.73999977111816,0,16,16,206,745,1922,false,1,347,391,Wednesday,4
2347167796,2016-04-27,11423,7.57999992370605,7.57999992370605,0,1.86000001430511,0.400000005960464,5.32000017166138,0,26,9,295,623,2194,false,1,448,499,Wednesday,4
4319703577,2016-04-27,10780,7.23000001907349,7.23000001907349,0,0.409999996423721,1.91999995708466,4.90999984741211,0,6,47,300,680,2324,false,1,286,307,Wednesday,4
6962181067,2016-04-27,10320,6.82000017166138,6.82000017166138,0,0.550000011920929,2.01999998092651,4.25,0,7,38,279,697,2034,false,1,455,467,Wednesday,4
8877689391,2016-04-27,23629,20.6499996185303,20.6499996185303,0,13.0699996948242,0.439999997615814,7.09999990463257,0,93,8,235,1104,3808,false,,,,Wednesday,4
2022484408,2016-04-27,10159,7.13000011444092,7.13000011444092,0,1.03999996185303,0.970000028610229,5.11999988555908,0,19,20,282,1119,2463,false,,,,Wednesday,4
2873212765,2016-04-28,7913,5.40999984741211,5.40999984741211,0,2.16000008583069,0.340000003576279,2.91000008583069,0,28,7,213,1192,1835,false,,,,Thursday,5
6962181067,2016-04-28,12627,8.35000038146973,8.35000038146973,0,2.50999999046326,0.239999994635582,5.59000015258789,0,38,8,288,621,2182,false,1,440,453,Thursday,5
4319703577,2016-04-28,10817,7.28000020980835,7.28000020980835,0,1.00999999046326,0.330000013113022,5.94000005722046,0,13,8,359,552,2367,false,1,497,522,Thursday,5
8053475328,2016-04-28,15447,12.3999996185303,12.3999996185303,0,9.67000007629395,0.389999985694885,2.34999990463257,0,90,9,153,1188,3062,false,,,,Thursday,5
7007744171,2016-04-28,15128,10.1199998855591,10.1199998855591,0,1.0900000333786,0.769999980926514,8.26000022888184,0,16,16,401,1007,2836,false,,,,Thursday,5
4388161847,2016-04-28,10074,7.75,7.75,0,1.28999996185303,0.430000007152557,6.03000020980835,0,19,9,234,878,2969,false,1,428,458,Thursday,5
4558609924,2016-04-28,9451,6.25,6.25,0,0.0199999995529652,0.270000010728836,5.94999980926514,0,1,11,367,985,2185,false,,,,Thursday,5
5577150313,2016-04-28,9841,7.42999982833862,7.42999982833862,0,3.25,1.16999995708466,3.00999999046326,0,99,51,141,692,3580,false,1,361,372,Thursday,5
8253242879,2016-04-28,2718,1.79999995231628,1.79999995231628,0,0.670000016689301,0.779999971389771,0.340000003576279,0,11,16,20,1393,1580,false,,,,Thursday,5
4702921684,2016-04-28,9023,7.32000017166138,7.32000017166138,0,1.12999999523163,0.419999986886978,5.76999998092651,0,14,9,232,738,3033,false,1,442,461,Thursday,5
7086361926,2016-04-28,11584,7.80000019073486,7.80000019073486,0,2.78999996185303,1.63999998569489,3.35999989509583,0,54,48,161,810,2862,false,1,354,367,Thursday,5
1644430081,2016-04-28,9405,6.84000015258789,6.84000015258789,0,0.200000002980232,2.3199999332428,4.30999994277954,0,3,53,227,1157,3108,false,,,,Thursday,5
2022484408,2016-04-28,10140,7.11999988555908,7.11999988555908,0,0.409999996423721,1.33000004291534,5.3899998664856,0,6,20,291,1123,2296,false,,,,Thursday,5
8378563200,2016-04-28,5417,4.30000019073486,4.30000019073486,0,0.899999976158142,0.490000009536743,2.91000008583069,0,11,10,139,711,2884,false,1,506,556,Thursday,5
3977333714,2016-04-28,7114,4.88000011444092,4.88000011444092,0,1.37000000476837,0.28999999165535,3.22000002861023,0,15,8,190,804,1407,false,1,261,423,Thursday,5
8877689391,2016-04-28,14890,11.3000001907349,11.3000001907349,0,4.92999982833862,0.379999995231628,5.96999979019165,0,58,8,231,1143,3060,false,,,,Thursday,5
5553957443,2016-04-28,11393,7.63000011444092,7.63000011444092,0,3.71000003814697,0.75,3.17000007629395,0,49,13,165,727,1999,false,1,421,457,Thursday,5
1503960366,2016-04-28,13154,8.52999973297119,8.52999973297119,0,3.53999996185303,1.1599999666214,3.78999996185303,0,48,28,189,782,1898,false,1,366,393,Thursday,5
4702921684,2016-04-29,9930,8.05000019073486,8.05000019073486,0,1.05999994277954,0.920000016689301,6.07000017166138,0,12,19,267,692,3165,false,1,433,447,Friday,6
1503960366,2016-04-29,11181,7.15000009536743,7.15000009536743,0,1.05999994277954,0.5,5.57999992370605,0,16,12,243,815,1837,false,1,341,354,Friday,6
4319703577,2016-04-29,7990,5.3600001335144,5.3600001335144,0,0.449999988079071,0.790000021457672,4.11999988555908,0,6,18,289,624,2175,false,1,523,546,Friday,6
6962181067,2016-04-29,10762,7.1100001335144,7.1100001335144,0,0.819999992847443,0.479999989271164,5.80999994277954,0,12,15,369,645,2254,false,1,433,447,Friday,6
3977333714,2016-04-29,10645,7.75,7.75,0,3.74000000953674,1.29999995231628,2.71000003814697,0,36,32,150,744,1545,false,1,333,478,Friday,6
7007744171,2016-04-29,20067,14.3000001907349,13.4200000762939,4.91114616394043,4.30999994277954,2.04999995231628,7.94999980926514,0,55,42,382,961,3180,false,,,,Friday,6
8792009665,2016-04-29,8360,5.34999990463257,5.34999990463257,0,0.140000000596046,0.280000001192093,4.92999982833862,0,6,14,380,634,3101,false,1,398,406,Friday,6
8053475328,2016-04-29,12315,9.64999961853027,9.64999961853027,0,6.17000007629395,0.310000002384186,3.17000007629395,0,58,8,159,1215,2794,false,,,,Friday,6
7086361926,2016-04-29,7881,4.94999980926514,4.94999980926514,0,0.490000009536743,0.449999988079071,4,0,24,36,182,1198,2616,false,,,,Friday,6
2873212765,2016-04-29,7365,4.94999980926514,4.94999980926514,0,1.36000001430511,1.4099999666214,2.1800000667572,0,20,23,206,1191,1780,false,,,,Friday,6
8253242879,2016-04-29,6260,4.26000022888184,4.26000022888184,0,1.28999996185303,0.540000021457672,2.40000009536743,0,16,14,136,1257,1854,false,,,,Friday,6
4558609924,2016-04-29,7833,5.17999982833862,5.17999982833862,0,1.01999998092651,1.85000002384186,2.30999994277954,0,15,29,197,1096,1918,false,1,171,179,Friday,6
8877689391,2016-04-29,9733,7.3899998664856,7.3899998664856,0,1.37999999523163,0.170000001788139,5.78999996185303,0,18,5,210,1207,2698,false,,,,Friday,6
5577150313,2016-04-29,7924,5.92000007629395,5.92000007629395,0,2.83999991416931,0.610000014305115,2.47000002861023,0,97,36,165,739,3544,false,1,459,485,Friday,6
2022484408,2016-04-29,10245,7.19000005722046,7.19000005722046,0,0.479999989271164,1.21000003814697,5.5,0,21,40,281,1098,2611,false,,,,Friday,6
4388161847,2016-04-29,9232,7.09999990463257,7.09999990463257,0,0.800000011920929,0.889999985694885,5.42000007629395,0,13,16,236,1175,2979,false,,,,Friday,6
5553957443,2016-04-29,12764,8.32999992370605,8.32999992370605,0,2.78999996185303,0.639999985694885,4.90999984741211,0,46,15,270,709,2169,false,1,450,495,Friday,6
8583815059,2016-04-29,15168,11.8299999237061,11.8299999237061,0,3.90000009536743,3,4.92000007629395,0,46,67,258,1069,3513,false,,,,Friday,6
1624580081,2016-04-30,6474,4.30000019073486,4.30000019073486,0,0.899999976158142,1.27999997138977,2.11999988555908,0.00999999977648258,11,23,224,1182,1655,false,,,,Saturday,7
1503960366,2016-04-30,14673,9.25,9.25,0,3.55999994277954,1.41999995708466,4.26999998092651,0,52,34,217,712,1947,false,1,404,425,Saturday,7
4702921684,2016-04-30,10144,8.22999954223633,8.22999954223633,0,0.319999992847443,2.02999997138977,5.88000011444092,0,4,36,263,728,3115,false,1,479,501,Saturday,7
7086361926,2016-04-30,14560,9.40999984741211,9.40999984741211,0,3.11999988555908,1.03999996185303,5.23999977111816,0,42,17,308,584,2995,false,1,485,489,Saturday,7
4319703577,2016-04-30,8221,5.51999998092651,5.51999998092651,0,0.400000005960464,1.61000001430511,3.50999999046326,0,6,38,196,695,2092,false,1,490,516,Saturday,7
8053475328,2016-04-30,7135,5.59000015258789,5.59000015258789,0,2.99000000953674,0.0599999986588955,2.53999996185303,0,27,1,131,1281,2408,false,,,,Saturday,7
2022484408,2016-04-30,18387,12.9099998474121,12.9099998474121,0,0.939999997615814,1.39999997615814,10.5699996948242,0,13,23,361,1043,2732,false,,,,Saturday,7
3977333714,2016-04-30,13238,9.19999980926514,9.19999980926514,0,3.69000005722046,2.09999990463257,3.41000008583069,0,43,52,194,687,1650,false,1,237,382,Saturday,7
3372868164,2016-04-30,5250,3.57999992370605,3.57999992370605,0,1.05999994277954,0.0900000035762787,2.42000007629395,0.00999999977648258,17,4,300,1119,1946,false,,,,Saturday,7
4388161847,2016-04-30,12533,9.64000034332275,9.64000034332275,0,0.699999988079071,2,6.94000005722046,0,14,43,300,537,3283,false,2,409,430,Saturday,7
8583815059,2016-04-30,10085,7.86999988555908,7.86999988555908,0,0.150000005960464,1.27999997138977,6.42999982833862,0,2,28,317,1093,3164,false,,,,Saturday,7
1644430081,2016-04-30,18213,13.2399997711182,13.2399997711182,0,0.629999995231628,3.14000010490417,9.46000003814697,0,9,71,402,816,3846,false,1,124,142,Saturday,7
6962181067,2016-04-30,10081,6.65999984741211,6.65999984741211,0,2.24000000953674,0.759999990463257,3.67000007629395,0,32,16,237,731,2002,false,1,422,424,Saturday,7
8877689391,2016-04-30,27745,26.7199993133545,26.7199993133545,0,21.6599998474121,0.0799999982118607,4.92999982833862,0,124,4,223,1089,4398,false,,,,Saturday,7
4558609924,2016-04-30,10319,6.82000017166138,6.82000017166138,0,0.469999998807907,1.88999998569489,4.46000003814697,0,7,29,293,1111,2105,false,,,,Saturday,7
5577150313,2016-04-30,12363,9.23999977111816,9.23999977111816,0,5.82999992370605,0.790000021457672,2.60999989509583,0,207,45,163,621,4501,false,1,412,433,Saturday,7
6775888955,2016-04-30,2503,1.78999996185303,1.78999996185303,0,0.159999996423721,0.159999996423721,1.48000001907349,0,3,9,84,1344,2280,false,,,,Saturday,7
4388161847,2016-05-01,10255,7.8899998664856,7.8899998664856,0,1.00999999046326,0.680000007152557,6.19999980926514,0,12,15,241,579,2926,false,1,547,597,Sunday,1
2873212765,2016-05-01,7399,4.96999979019165,4.96999979019165,0,0.490000009536743,1.03999996185303,3.44000005722046,0,7,18,196,1219,1739,false,,,,Sunday,1
1503960366,2016-05-01,10602,6.80999994277954,6.80999994277954,0,2.28999996185303,1.60000002384186,2.92000007629395,0,33,35,246,730,1820,false,1,369,396,Sunday,1
2022484408,2016-05-01,10538,7.40000009536743,7.40000009536743,0,1.94000005722046,0.959999978542328,4.5,0,25,28,245,1142,2380,false,,,,Sunday,1
6775888955,2016-05-01,2487,1.77999997138977,1.77999997138977,0,0.479999989271164,0.620000004768372,0.680000007152557,0,9,34,50,1347,2319,false,,,,Sunday,1
1644430081,2016-05-01,6132,4.46000003814697,4.46000003814697,0,0.239999994635582,0.990000009536743,3.23000001907349,0,3,24,146,908,2696,false,,,,Sunday,1
8877689391,2016-05-01,10930,8.31999969482422,8.31999969482422,0,3.13000011444092,0.569999992847443,4.57000017166138,0,36,12,166,1226,2786,false,,,,Sunday,1
8378563200,2016-05-01,11419,9.0600004196167,9.0600004196167,0,6.03000020980835,0.560000002384186,2.47000002861023,0,71,10,127,669,3369,false,1,475,539,Sunday,1
8583815059,2016-05-01,4512,3.51999998092651,3.51999998092651,0,0.779999971389771,0.119999997317791,2.03999996185303,0,10,2,117,1311,2596,false,,,,Sunday,1
7086361926,2016-05-01,12390,8.06999969482422,8.06999969482422,0,2.29999995231628,0.899999976158142,4.84999990463257,0,30,15,258,685,2730,false,1,388,407,Sunday,1
1624580081,2016-05-01,36019,28.0300006866455,28.0300006866455,0,21.9200000762939,4.19000005722046,1.9099999666214,0.0199999995529652,186,63,171,1020,2690,false,,,,Sunday,1
3977333714,2016-05-01,10414,7.07000017166138,7.07000017166138,0,2.67000007629395,1.98000001907349,2.41000008583069,0,41,40,124,691,1501,false,1,383,626,Sunday,1
5577150313,2016-05-01,13368,9.98999977111816,9.98999977111816,0,5.30999994277954,1.44000005722046,3.24000000953674,0,194,72,178,499,4546,false,1,379,398,Sunday,1
6290855005,2016-05-01,9837,7.44000005722046,7.44000005722046,0,0.660000026226044,2.75,4,0.0199999995529652,8,95,282,1055,3327,false,,,,Sunday,1
1927972279,2016-05-01,2704,1.87000000476837,1.87000000476837,0,1.00999999046326,0.0299999993294477,0.829999983310699,0,14,1,70,1355,2411,false,,,,Sunday,1
4388161847,2016-05-02,10096,8.39999961853027,8.39999961853027,0,3.76999998092651,0.0799999982118607,4.55000019073486,0,33,4,204,935,3147,false,2,368,376,Monday,2
1503960366,2016-05-02,14727,9.71000003814697,9.71000003814697,0,3.21000003814697,0.569999992847443,5.92000007629395,0,41,15,277,798,2004,false,1,277,309,Monday,2
2022484408,2016-05-02,10379,7.28999996185303,7.28999996185303,0,2.60999989509583,0.340000003576279,4.32999992370605,0,36,8,277,1119,2473,false,,,,Monday,2
1624580081,2016-05-02,7155,4.92999982833862,4.92999982833862,0,0.860000014305115,0.589999973773956,3.47000002861023,0,7,6,166,1261,1497,false,,,,Monday,2
7086361926,2016-05-02,10052,6.80999994277954,6.80999994277954,0,3.48000001907349,0.660000026226044,2.66000008583069,0,66,26,139,737,2754,false,1,440,459,Monday,2
8378563200,2016-05-02,6064,4.80999994277954,4.80999994277954,2.0921471118927,0.629999995231628,0.170000001788139,4.01000022888184,0,63,4,142,802,3491,false,1,351,385,Monday,2
4445114986,2016-05-02,6910,4.75,4.75,0,2.21000003814697,0.189999997615814,2.34999990463257,0,27,4,200,667,2336,false,1,502,542,Monday,2
3977333714,2016-05-02,16520,11.0500001907349,11.0500001907349,0,1.53999996185303,6.48000001907349,3.01999998092651,0,24,143,176,713,1760,false,1,230,384,Monday,2
4702921684,2016-05-02,7245,5.92000007629395,5.92000007629395,0,0.379999995231628,1.74000000953674,3.75999999046326,0,5,40,195,1131,2859,false,,,,Monday,2
2320127002,2016-05-02,3634,2.45000004768372,2.45000004768372,0,0.360000014305115,0.209999993443489,1.87999999523163,0,5,6,123,1306,1613,false,,,,Monday,2
7007744171,2016-05-02,13041,9.18000030517578,8.72000026702881,2.83232593536377,4.6399998664856,0.699999988079071,3.82999992370605,0,64,14,250,1112,2642,false,,,,Monday,2
5577150313,2016-05-02,7439,5.55999994277954,5.55999994277954,0,1.12000000476837,0.349999994039536,4.07000017166138,0,37,20,235,732,3014,false,2,525,553,Monday,2
1927972279,2016-05-02,3790,2.61999988555908,2.61999988555908,0,1.1599999666214,0.300000011920929,1.1599999666214,0,16,8,94,1322,2505,false,,,,Monday,2
6962181067,2016-05-02,12912,8.53999996185303,8.53999996185303,0,1.20000004768372,2,5.34000015258789,0,18,39,313,655,2162,false,1,466,482,Monday,2
5553957443,2016-05-02,9769,6.38000011444092,6.38000011444092,0,1.05999994277954,0.409999996423721,4.90000009536743,0,23,9,227,724,1996,false,1,409,471,Monday,2
7007744171,2016-05-03,14510,10.8699998855591,9.71000003814697,4.91236782073975,4.48000001907349,1.01999998092651,5.3600001335144,0,58,31,330,1021,2976,false,,,,Tuesday,3
2320127002,2016-05-03,7443,5.01999998092651,5.01999998092651,0,1.49000000953674,0.370000004768372,3.16000008583069,0,20,10,206,1204,1878,false,,,,Tuesday,3
2022484408,2016-05-03,12183,8.73999977111816,8.73999977111816,0,3.99000000953674,0.46000000834465,4.28000020980835,0,72,14,250,1104,2752,false,,,,Tuesday,3
4319703577,2016-05-03,9648,6.46999979019165,6.46999979019165,0,0.579999983310699,1.07000005245209,4.82999992370605,0,8,26,287,669,2235,false,1,474,512,Tuesday,3
5577150313,2016-05-03,11045,8.25,8.25,0,4.51999998092651,0.150000005960464,3.5699999332428,0,97,8,212,580,3795,false,1,508,543,Tuesday,3
8378563200,2016-05-03,8712,6.90999984741211,6.90999984741211,2.25308108329773,1.3400000333786,1.05999994277954,4.5,0,71,20,195,822,3784,false,1,405,429,Tuesday,3
8053475328,2016-05-03,15484,11.8999996185303,11.8999996185303,0,8.39000034332275,0.930000007152557,2.58999991416931,0,87,22,165,1166,3023,false,,,,Tuesday,3
1644430081,2016-05-03,12850,9.34000015258789,9.34000015258789,0,0.720000028610229,4.09000015258789,4.53999996185303,0,10,94,221,1115,3324,false,,,,Tuesday,3
3977333714,2016-05-03,14335,9.59000015258789,9.59000015258789,0,3.3199999332428,1.74000000953674,4.53000020980835,0,47,41,258,594,1710,false,1,292,500,Tuesday,3
5553957443,2016-05-03,12848,8.39000034332275,8.39000034332275,0,1.5,1.20000004768372,5.67999982833862,0,26,29,247,812,2116,false,1,380,429,Tuesday,3
4445114986,2016-05-03,7502,5.17999982833862,5.17999982833862,0,2.48000001907349,0.109999999403954,2.57999992370605,0,30,2,233,725,2421,false,2,417,450,Tuesday,3
8877689391,2016-05-03,10818,8.21000003814697,8.21000003814697,0,1.38999998569489,0.100000001490116,6.67000007629395,0.00999999977648258,19,3,229,1189,2817,false,,,,Tuesday,3
7086361926,2016-05-03,10288,6.76000022888184,6.76000022888184,0,2.74000000953674,0.850000023841858,3.16000008583069,0,57,36,152,761,2754,false,1,456,461,Tuesday,3
4558609924,2016-05-03,5267,3.48000001907349,3.48000001907349,0,0.600000023841858,0.280000001192093,2.59999990463257,0,21,10,237,1172,1953,false,,,,Tuesday,3
4388161847,2016-05-03,12727,9.78999996185303,9.78999996185303,0,1.12999999523163,0.779999971389771,7.88000011444092,0,18,18,306,984,3290,false,,,,Tuesday,3
1927972279,2016-05-03,1326,0.920000016689301,0.920000016689301,0,0.730000019073486,0,0.180000007152557,0,10,0,17,1413,2195,false,,,,Tuesday,3
6962181067,2016-05-03,12109,8.11999988555908,8.11999988555908,0,1.74000000953674,2.03999996185303,4.32999992370605,0,21,36,267,654,2072,false,1,394,418,Tuesday,3
1503960366,2016-05-03,15103,9.65999984741211,9.65999984741211,0,3.73000001907349,1.04999995231628,4.88000011444092,0,50,24,254,816,1990,false,1,273,296,Tuesday,3
2022484408,2016-05-04,11768,8.28999996185303,8.28999996185303,0,2.50999999046326,0.930000007152557,4.84999990463257,0,36,27,272,1105,2649,false,,,,Wednesday,4
8378563200,2016-05-04,7875,6.23999977111816,6.23999977111816,0,1.55999994277954,0.490000009536743,4.19999980926514,0,19,10,167,680,3110,false,1,441,477,Wednesday,4
7086361926,2016-05-04,10988,8.3100004196167,8.3100004196167,0,5.28000020980835,0.119999997317791,2.90000009536743,0,45,12,135,843,2655,false,1,420,436,Wednesday,4
4319703577,2016-05-04,10429,7.01999998092651,7.01999998092651,0,0.589999973773956,0.579999983310699,5.84999990463257,0,8,13,313,1106,2282,false,,,,Wednesday,4
8053475328,2016-05-04,14581,11.1499996185303,11.1499996185303,0,8.81999969482422,0.400000005960464,1.9099999666214,0,89,8,123,1220,2918,false,,,,Wednesday,4
6962181067,2016-05-04,10147,6.71000003814697,6.71000003814697,0,0.469999998807907,1.67999994754791,4.55000019073486,0,15,36,284,683,2086,false,1,442,455,Wednesday,4
4020332650,2016-05-04,10252,7.34999990463257,7.34999990463257,0,0.670000016689301,1.03999996185303,5.57999992370605,0,13,46,346,531,3879,false,1,478,536,Wednesday,4
5577150313,2016-05-04,5206,3.89000010490417,3.89000010490417,0,1.55999994277954,0.25,2.07999992370605,0,25,9,141,631,2755,false,1,603,634,Wednesday,4
4388161847,2016-05-04,12375,9.52000045776367,9.52000045776367,0,2.78999996185303,0.930000007152557,5.80000019073486,0,35,21,251,632,3162,false,1,390,414,Wednesday,4
3977333714,2016-05-04,13559,9.4399995803833,9.4399995803833,0,1.80999994277954,4.57999992370605,2.89000010490417,0,14,96,142,852,1628,false,1,213,336,Wednesday,4
1503960366,2016-05-04,11100,7.15000009536743,7.15000009536743,0,2.46000003814697,0.870000004768372,3.8199999332428,0,36,22,203,1179,1819,false,,,,Wednesday,4
8877689391,2016-05-04,18193,16.2999992370605,16.2999992370605,0,10.4200000762939,0.310000002384186,5.53000020980835,0,66,8,212,1154,3477,false,,,,Wednesday,4
6962181067,2016-05-05,10524,6.96000003814697,6.96000003814697,0,0.990000009536743,1.1599999666214,4.80999994277954,0,14,22,305,591,2066,false,1,467,491,Thursday,5
4319703577,2016-05-05,13658,9.48999977111816,9.48999977111816,0,2.63000011444092,1.4099999666214,5.44999980926514,0,27,34,328,957,2530,false,,,,Thursday,5
1644430081,2016-05-05,4363,3.19000005722046,3.19000005722046,0,0.519999980926514,0.540000021457672,2.13000011444092,0.00999999977648258,6,12,81,1341,2463,false,,,,Thursday,5
2022484408,2016-05-05,11895,8.35000038146973,8.35000038146973,0,2.78999996185303,0.860000014305115,4.69999980926514,0,55,20,253,1112,2609,false,,,,Thursday,5
8053475328,2016-05-05,14990,11.5100002288818,11.5100002288818,0,8.85000038146973,0.449999988079071,2.21000003814697,0,93,9,130,1208,2950,false,,,,Thursday,5
7086361926,2016-05-05,8564,5.59999990463257,5.59999990463257,0,1.77999997138977,0.829999983310699,2.95000004768372,0,24,14,149,1253,2386,false,,,,Thursday,5
3977333714,2016-05-05,12312,8.57999992370605,8.57999992370605,0,1.75999999046326,4.1100001335144,2.71000003814697,0,14,88,178,680,1618,false,1,318,480,Thursday,5
1503960366,2016-05-05,14070,8.89999961853027,8.89999961853027,0,2.92000007629395,1.08000004291534,4.88000011444092,0,45,24,250,857,1959,false,1,247,264,Thursday,5
5577150313,2016-05-05,7550,5.6399998664856,5.6399998664856,0,2.5,0.469999998807907,2.67000007629395,0,45,21,143,1153,3004,false,1,74,78,Thursday,5
8378563200,2016-05-05,8567,6.78999996185303,6.78999996185303,2.25308108329773,0.889999985694885,0.159999996423721,5.73999977111816,0,66,3,214,764,3783,false,1,381,417,Thursday,5
4702921684,2016-05-05,8614,6.98999977111816,6.98999977111816,0,0.670000016689301,0.219999998807907,6.09000015258789,0,8,5,241,745,3006,false,1,414,428,Thursday,5
4388161847,2016-05-05,9603,7.38000011444092,7.38000011444092,0,0.629999995231628,1.66999995708466,5.09000015258789,0,12,39,199,896,2899,false,1,471,495,Thursday,5
4020332650,2016-05-05,11728,8.43000030517578,8.43000030517578,0,2.61999988555908,1.67999994754791,4.03999996185303,0.0700000002980232,38,42,196,916,3429,false,1,226,248,Thursday,5
5553957443,2016-05-05,14331,9.51000022888184,9.51000022888184,0,3.4300000667572,1.6599999666214,4.42999982833862,0,44,29,241,692,2156,false,1,419,464,Thursday,5
7007744171,2016-05-05,15010,11.1000003814697,10.039999961853,4.8782320022583,4.32999992370605,1.28999996185303,5.48000001907349,0,53,23,317,1047,2933,false,,,,Thursday,5
4558609924,2016-05-05,10611,7.01000022888184,7.01000022888184,0,1.00999999046326,0.5,5.51000022888184,0,14,8,370,1048,2262,false,,,,Thursday,5
2873212765,2016-05-05,8314,5.6100001335144,5.6100001335144,0,0.779999971389771,0.800000011920929,4.03000020980835,0,13,23,311,1093,1971,false,,,,Thursday,5
8877689391,2016-05-05,14055,10.6700000762939,10.6700000762939,0,5.46000003814697,0.819999992847443,4.36999988555908,0,67,15,188,1170,3052,false,,,,Thursday,5
4445114986,2016-05-05,3800,2.54999995231628,2.54999995231628,0,0.119999997317791,0.239999994635582,2.1800000667572,0,2,6,185,734,2120,false,2,462,513,Thursday,5
1503960366,2016-05-06,12159,8.02999973297119,8.02999973297119,0,1.97000002861023,0.25,5.80999994277954,0,24,6,289,754,1896,false,1,334,367,Friday,6
8583815059,2016-05-06,5843,4.55999994277954,4.55999994277954,0,0.140000000596046,1.19000005722046,3.23000001907349,0,2,22,166,1250,2683,false,,,,Friday,6
8877689391,2016-05-06,21727,19.3400001525879,19.3400001525879,0,12.789999961853,0.28999999165535,6.15999984741211,0,96,17,232,1095,4015,false,,,,Friday,6
3977333714,2016-05-06,11677,8.27999973297119,8.27999973297119,0,3.10999989509583,2.50999999046326,2.67000007629395,0,29,55,168,676,1590,false,1,323,512,Friday,6
6775888955,2016-05-06,4697,3.36999988555908,3.36999988555908,0,0.469999998807907,0.930000007152557,1.92999994754791,0,12,35,75,1318,2496,false,,,,Friday,6
2022484408,2016-05-06,10227,7.17999982833862,7.17999982833862,0,1.87000000476837,0.670000016689301,4.6399998664856,0,24,17,295,1104,2498,false,,,,Friday,6
5577150313,2016-05-06,4950,3.70000004768372,3.70000004768372,0,1.92999994754791,0.319999992847443,1.45000004768372,0,41,16,79,1304,2643,false,,,,Friday,6
8378563200,2016-05-06,7045,5.59000015258789,5.59000015258789,2.0921471118927,1.54999995231628,0.25,3.77999997138977,0,74,5,166,831,3644,false,1,323,355,Friday,6
4319703577,2016-05-06,9524,6.42000007629395,6.42000007629395,0,0.409999996423721,0.469999998807907,5.46000003814697,0,6,11,314,692,2266,false,1,450,491,Friday,6
4388161847,2016-05-06,13175,10.1300001144409,10.1300001144409,0,2.10999989509583,2.08999991416931,5.92999982833862,0,33,45,262,1100,3425,false,,,,Friday,6
8053475328,2016-05-06,13953,11,11,0,9.10000038146973,0.689999997615814,1.21000003814697,0,90,15,90,1245,2859,false,,,,Friday,6
7007744171,2016-05-06,11459,7.67000007629395,7.67000007629395,0,3,0.810000002384186,3.85999989509583,0,44,13,247,1136,2553,false,,,,Friday,6
5553957443,2016-05-06,9632,6.28999996185303,6.28999996185303,0,1.51999998092651,0.540000021457672,4.23000001907349,0,21,9,229,761,1916,false,1,400,434,Friday,6
7086361926,2016-05-06,12461,8.38000011444092,8.38000011444092,0,3.8199999332428,1.42999994754791,3.11999988555908,0,84,35,154,834,2924,false,1,322,333,Friday,6
1644430081,2016-05-06,9787,7.11999988555908,7.11999988555908,0,0.819999992847443,0.270000010728836,6.01000022888184,0.0199999995529652,11,6,369,1054,3328,false,,,,Friday,6
4445114986,2016-05-07,5183,3.58999991416931,3.58999991416931,0,2.13000011444092,0.189999997615814,1.25,0,26,4,108,866,2123,false,2,401,436,Saturday,7
8053475328,2016-05-07,19769,15.6700000762939,15.6700000762939,0,12.4399995803833,0.879999995231628,2.34999990463257,0,121,20,148,1076,3331,false,1,74,75,Saturday,7
4558609924,2016-05-07,8237,5.44000005722046,5.44000005722046,0,1.61000001430511,1,2.82999992370605,0,23,16,233,1116,1973,false,,,,Saturday,7
1503960366,2016-05-07,11992,7.71000003814697,7.71000003814697,0,2.46000003814697,2.11999988555908,3.13000011444092,0,37,46,175,833,1821,false,1,331,349,Saturday,7
2873212765,2016-05-07,4940,3.38000011444092,3.38000011444092,0,2.27999997138977,0.550000011920929,0.550000011920929,0,75,11,52,1302,1897,false,,,,Saturday,7
2022484408,2016-05-07,6708,4.71000003814697,4.71000003814697,0,1.61000001430511,0.0799999982118607,3.01999998092651,0,20,2,149,1269,1995,false,,,,Saturday,7
4319703577,2016-05-07,7937,5.32999992370605,5.32999992370605,0,0.189999997615814,1.04999995231628,4.07999992370605,0,3,28,279,586,2158,false,1,507,530,Saturday,7
7086361926,2016-05-07,12827,8.47999954223633,8.47999954223633,0,1.46000003814697,2.32999992370605,4.67999982833862,0,20,42,209,621,2739,false,1,530,548,Saturday,7
1644430081,2016-05-07,13372,9.72000026702881,9.72000026702881,0,3.25999999046326,0.790000021457672,5.67000007629395,0.00999999977648258,41,17,243,1139,3404,false,,,,Saturday,7
4388161847,2016-05-07,22770,17.5400009155273,17.5400009155273,0,9.44999980926514,2.76999998092651,5.32999992370605,0,120,56,260,508,4022,false,1,472,496,Saturday,7
8877689391,2016-05-08,10686,8.10999965667725,8.10999965667725,0,1.08000004291534,0.200000002980232,6.80000019073486,0,17,4,245,1174,2847,false,,,,Sunday,1
2873212765,2016-05-08,8168,5.53999996185303,5.53999996185303,0,2.90000009536743,0,2.64000010490417,0,46,0,326,1068,2096,false,,,,Sunday,1
3977333714,2016-05-08,13585,9.09000015258789,9.09000015258789,0,0.680000007152557,5.23999977111816,3.17000007629395,0,9,116,171,688,1633,false,2,259,456,Sunday,1
1503960366,2016-05-08,10060,6.57999992370605,6.57999992370605,0,3.52999997138977,0.319999992847443,2.73000001907349,0,44,8,203,574,1740,false,1,594,611,Sunday,1
5553957443,2016-05-08,6083,4,4,0,0.219999998807907,0.469999998807907,3.29999995231628,0,3,8,210,505,1762,false,1,568,608,Sunday,1
8053475328,2016-05-08,22026,17.6499996185303,17.6499996185303,0,13.3999996185303,0.589999973773956,3.66000008583069,0,125,14,228,1073,3589,false,,,,Sunday,1
4388161847,2016-05-08,17298,14.3800001144409,14.3800001144409,0,9.89000034332275,1.25999999046326,3.23000001907349,0,107,38,178,576,3934,false,2,529,541,Sunday,1
4702921684,2016-05-08,12857,10.4300003051758,10.4300003051758,0,0.680000007152557,6.21000003814697,3.53999996185303,0,9,125,192,1019,3287,false,,,,Sunday,1
8583815059,2016-05-08,9217,7.19000005722046,7.19000005722046,0,0.219999998807907,3.30999994277954,3.66000008583069,0,3,72,182,1183,2940,false,,,,Sunday,1
7086361926,2016-05-08,10677,7.09999990463257,7.09999990463257,0,2.30999994277954,1.52999997138977,3.25,0,32,27,147,695,2534,false,1,481,510,Sunday,1
4558609924,2016-05-08,6543,4.32999992370605,4.32999992370605,0,1.79999995231628,0.5,2.01999998092651,0,66,35,238,1019,2666,false,1,123,134,Sunday,1
2022484408,2016-05-09,13379,9.39000034332275,9.39000034332275,0,2.11999988555908,1.62999999523163,5.6399998664856,0,35,47,297,1061,2709,false,,,,Monday,2
7086361926,2016-05-09,13566,9.10999965667725,9.10999965667725,0,4.26000022888184,1.71000003814697,3.11999988555908,0,67,50,171,743,2960,false,1,427,438,Monday,2
8877689391,2016-05-09,20226,18.25,18.25,0,11.1000003814697,0.800000011920929,6.23999977111816,0.0500000007450581,73,19,217,1131,3710,false,,,,Monday,2
8053475328,2016-05-09,12465,9.38000011444092,9.38000011444092,0,6.11999988555908,0.569999992847443,2.69000005722046,0,66,12,148,1214,2765,false,,,,Monday,2
8583815059,2016-05-09,9877,7.69999980926514,7.69999980926514,0,5.76000022888184,0.170000001788139,1.73000001907349,0,66,4,110,1260,2947,false,,,,Monday,2
1644430081,2016-05-09,6643,4.82999992370605,4.82999992370605,0,2.39000010490417,0.349999994039536,2.08999991416931,0.00999999977648258,32,6,303,1099,3008,false,,,,Monday,2
5577150313,2016-05-09,3421,2.55999994277954,2.55999994277954,0,1.42999994754791,0.140000000596046,0.990000009536743,0,34,11,70,1099,2489,false,,,,Monday,2
4319703577,2016-05-09,10378,6.96000003814697,6.96000003814697,0,0.140000000596046,0.560000002384186,6.25,0,2,14,374,490,2345,false,1,535,565,Monday,2
3977333714,2016-05-09,14687,10.0799999237061,10.0799999237061,0,0.769999980926514,5.59999990463257,3.54999995231628,0,8,122,151,1159,1667,false,,,,Monday,2
4558609924,2016-05-09,11451,7.57000017166138,7.57000017166138,0,0.430000007152557,1.62000000476837,5.51999998092651,0,6,30,339,1065,2223,false,,,,Monday,2
1503960366,2016-05-09,12022,7.71999979019165,7.71999979019165,0,3.45000004768372,0.529999971389771,3.74000000953674,0,46,11,206,835,1819,false,1,338,342,Monday,2
8378563200,2016-05-09,8382,6.65000009536743,6.65000009536743,2.0921471118927,1.26999998092651,0.660000026226044,4.71999979019165,0,71,13,171,772,3721,false,1,359,399,Monday,2
5553957443,2016-05-09,11611,7.57999992370605,7.57999992370605,0,2.13000011444092,0.889999985694885,4.55999994277954,0,59,22,251,667,2272,false,1,453,494,Monday,2
4020332650,2016-05-09,4556,3.26999998092651,3.26999998092651,0,0.200000002980232,0.119999997317791,2.94000005722046,0,3,5,173,1225,2785,false,,,,Monday,2
6962181067,2016-05-09,12342,8.72000026702881,8.68000030517578,3.16782188415527,3.90000009536743,1.17999994754791,3.65000009536743,0,43,21,231,607,2105,false,1,489,497,Monday,2
8378563200,2016-05-10,6582,5.21999979019165,5.21999979019165,2.25308108329773,0.660000026226044,0.639999985694885,3.92000007629395,0,63,13,152,840,3586,false,1,342,391,Tuesday,3
4319703577,2016-05-10,9487,6.36999988555908,6.36999988555908,0,0.209999993443489,0.46000000834465,5.69999980926514,0,3,12,329,555,2260,false,1,487,517,Tuesday,3
7086361926,2016-05-10,14433,10.789999961853,10.789999961853,0,7.1100001335144,1.20000004768372,2.45000004768372,0,72,23,106,1182,2800,false,,,,Tuesday,3
4388161847,2016-05-10,10299,7.92000007629395,7.92000007629395,0,0.810000002384186,0.649999976158142,6.46000003814697,0,13,14,267,648,3061,false,1,354,375,Tuesday,3
8053475328,2016-05-10,14810,11.3599996566772,11.3599996566772,0,9.09000015258789,0.419999986886978,1.85000002384186,0,96,10,115,1219,2926,false,,,,Tuesday,3
8877689391,2016-05-10,10733,8.14999961853027,8.14999961853027,0,1.35000002384186,0.46000000834465,6.28000020980835,0,18,11,224,1187,2832,false,,,,Tuesday,3
1644430081,2016-05-10,9167,6.65999984741211,6.65999984741211,0,0.879999995231628,0.810000002384186,4.96999979019165,0.00999999977648258,12,19,155,1254,2799,false,,,,Tuesday,3
2022484408,2016-05-10,12798,8.97999954223633,8.97999954223633,0,2.22000002861023,1.21000003814697,5.55999994277954,0,57,28,271,1084,2797,false,,,,Tuesday,3
5577150313,2016-05-10,8869,6.65000009536743,6.65000009536743,0,2.55999994277954,0.75,3.34999990463257,0,104,37,194,639,3841,false,1,504,562,Tuesday,3
6962181067,2016-05-10,15448,10.210000038147,10.210000038147,0,3.47000002861023,1.75,4.98999977111816,0,62,34,275,626,2361,false,1,469,481,Tuesday,3
4558609924,2016-05-10,6435,4.25,4.25,0,0.740000009536743,1.12000000476837,2.39000010490417,0,11,18,220,1191,1889,false,,,,Tuesday,3
1503960366,2016-05-10,12207,7.76999998092651,7.76999998092651,0,3.34999990463257,1.1599999666214,3.25999999046326,0,46,31,214,746,1859,false,1,383,403,Tuesday,3
5553957443,2016-05-10,16358,10.710000038147,10.710000038147,0,3.86999988555908,1.61000001430511,5.19999980926514,0,61,40,265,707,2335,false,1,418,443,Tuesday,3
8583815059,2016-05-10,8240,6.42999982833862,6.42999982833862,0,0.689999997615814,2.00999999046326,3.72000002861023,0,9,43,162,1226,2846,false,,,,Tuesday,3
7086361926,2016-05-11,9572,6.51999998092651,6.51999998092651,0,2.89000010490417,1.38999998569489,2.23000001907349,0,57,40,128,757,2735,false,1,451,463,Wednesday,4
4388161847,2016-05-11,10201,7.84000015258789,7.84000015258789,0,0.529999971389771,0.790000021457672,6.53000020980835,0,8,18,256,858,2954,false,1,469,494,Wednesday,4
2022484408,2016-05-11,13272,9.31999969482422,9.31999969482422,0,4.17999982833862,1.14999997615814,3.99000000953674,0,58,25,224,1133,2544,false,,,,Wednesday,4
4558609924,2016-05-11,9108,6.01999998092651,6.01999998092651,0,0.259999990463257,1.82000005245209,3.94000005722046,0,4,31,324,1081,2131,false,,,,Wednesday,4
8053475328,2016-05-11,12209,9.39999961853027,9.39999961853027,0,6.07999992370605,0.280000001192093,3.03999996185303,0,60,7,184,1189,2809,false,,,,Wednesday,4
4020332650,2016-05-11,3689,2.65000009536743,2.65000009536743,0,0.109999999403954,0.170000001788139,2.32999992370605,0,2,8,134,1296,2645,false,,,,Wednesday,4
4445114986,2016-05-11,9105,6.1100001335144,6.1100001335144,0,2.25,1,2.85999989509583,0,34,22,232,622,2499,false,1,499,530,Wednesday,4
4702921684,2016-05-11,9810,7.96000003814697,7.96000003814697,0,0.779999971389771,2.16000008583069,4.98000001907349,0,10,41,235,784,3069,false,1,354,366,Wednesday,4
6962181067,2016-05-11,6722,4.44000005722046,4.44000005722046,0,1.49000000953674,0.310000002384186,2.65000009536743,0,24,7,199,709,1855,false,1,452,480,Wednesday,4
8877689391,2016-05-11,21420,19.5599994659424,19.5599994659424,0,13.2200002670288,0.409999996423721,5.8899998664856,0,88,12,213,1127,3832,false,,,,Wednesday,4
1503960366,2016-05-11,12770,8.13000011444092,8.13000011444092,0,2.55999994277954,1.00999999046326,4.55000019073486,0,36,23,251,669,1783,false,1,285,306,Wednesday,4
5577150313,2016-05-11,4038,3.03999996185303,3.03999996185303,0,1.83000004291534,0.300000011920929,0.889999985694885,0,45,15,63,257,1665,false,1,431,476,Wednesday,4
4319703577,2016-05-11,9129,6.13000011444092,6.13000011444092,0,0.200000002980232,0.740000009536743,5.17999982833862,0,3,18,311,574,2232,false,1,529,558,Wednesday,4
8378563200,2016-05-11,9143,7.25,7.25,2.0921471118927,1.38999998569489,0.589999973773956,5.26999998092651,0,72,10,184,763,3788,false,1,368,387,Wednesday,4
7086361926,2016-05-12,3789,2.55999994277954,2.55999994277954,0,0.379999995231628,0.270000010728836,1.88999998569489,0,5,4,58,343,1199,false,1,444,457,Thursday,5
5553957443,2016-05-12,3121,2.03999996185303,2.03999996185303,0,0.579999983310699,0.400000005960464,1.05999994277954,0,8,6,48,222,741,false,1,438,475,Thursday,5
2022484408,2016-05-12,9117,6.40999984741211,6.40999984741211,0,1.27999997138977,0.670000016689301,4.44000005722046,0,16,16,236,728,1853,false,,,,Thursday,5
8053475328,2016-05-12,4998,3.91000008583069,3.91000008583069,0,2.95000004768372,0.200000002980232,0.759999990463257,0,28,4,39,839,1505,false,,,,Thursday,5
8378563200,2016-05-12,4561,3.61999988555908,3.61999988555908,0,0.649999976158142,0.270000010728836,2.69000005722046,0,8,6,102,433,1976,false,1,496,546,Thursday,5
8877689391,2016-05-12,8064,6.11999988555908,6.11999988555908,0,1.82000005245209,0.0399999991059303,4.25,0,23,1,137,770,1849,false,,,,Thursday,5
4057192912,2016-03-12,0,0,0,0,0,0,0,0,0,0,0,1440,1777,false,,,,Saturday,7
4020332650,2016-03-12,5543,3.97000002861023,3.97000002861023,0,0,0,3.96000003814697,0.00999999977648258,0,0,254,757,2990,false,,,,Saturday,7
4020332650,2016-03-13,3226,2.30999994277954,2.30999994277954,0,0,0,2.27999997138977,0,0,0,136,771,2480,false,,,,Sunday,1
4057192912,2016-03-13,0,0,0,0,0,0,0,0,0,0,0,1440,1777,false,,,,Sunday,1
4020332650,2016-03-14,3023,2.17000007629395,2.17000007629395,0,0,0,2.14000010490417,0,0,0,145,1005,2570,false,,,,Monday,2
4020332650,2016-03-15,5906,4.23000001907349,4.23000001907349,0,0,0.159999996423721,4.03999996185303,0,0,10,215,874,3016,false,,,,Tuesday,3
4057192912,2016-03-15,0,0,0,0,0,0,0,0,0,0,0,1440,1776,false,,,,Tuesday,3
4057192912,2016-03-16,2139,1.55999994277954,1.55999994277954,0,0,1.29999995231628,0.259999990463257,0,0,28,15,1397,1935,false,,,,Wednesday,4
4057192912,2016-03-17,0,0,0,0,0,0,0,0,0,0,0,1440,1776,false,,,,Thursday,5
4020332650,2016-03-17,8940,6.40999984741211,6.40999984741211,0,0,0,0.610000014305115,0.0399999991059303,0,0,47,986,3706,false,,,,Thursday,5
4020332650,2016-03-18,368,0.259999990463257,0.259999990463257,0,0,0,0,0,0,0,0,1440,2024,false,,,,Friday,6
4057192912,2016-03-18,949,0.689999997615814,0.689999997615814,0,0,0,0.689999997615814,0,0,0,34,1406,1870,false,,,,Friday,6
4020332650,2016-03-19,5702,4.09000015258789,4.09000015258789,0,0,0,0,0,0,0,0,1440,2980,false,,,,Saturday,7
4057192912,2016-03-19,0,0,0,0,0,0,0,0,0,0,0,1440,1777,false,,,,Saturday,7
4057192912,2016-03-20,44,0.0299999993294477,0.0299999993294477,0,0,0,0.0299999993294477,0,0,0,2,1438,1782,false,,,,Sunday,1
4020332650,2016-03-20,10330,7.40999984741211,7.40999984741211,0,0,0,0,0,0,0,0,1440,3728,false,,,,Sunday,1
4020332650,2016-03-21,8778,6.28999996185303,6.28999996185303,0,0,0,0,0,0,0,0,1440,3348,false,,,,Monday,2
4057192912,2016-03-21,2660,1.94000005722046,1.94000005722046,0,0,0,1.94000005722046,0,0,0,46,1394,1978,false,,,,Monday,2
4057192912,2016-03-22,5561,4.19000005722046,4.19000005722046,0,0,0,4.07000017166138,0,0,0,169,1271,2296,false,,,,Tuesday,3
4020332650,2016-03-22,6662,4.78000020980835,4.78000020980835,0,0,0,0,0,0,0,0,1440,3162,false,,,,Tuesday,3
4020332650,2016-03-23,6309,4.51999998092651,4.51999998092651,0,0,0,0,0,0,0,0,1440,3140,false,,,,Wednesday,4
4057192912,2016-03-24,7,0.00999999977648258,0.00999999977648258,0,0,0,0.00999999977648258,0,0,0,1,1439,1787,false,,,,Thursday,5
4020332650,2016-03-24,1951,1.4099999666214,1.4099999666214,0,0,0,0,0,0,0,0,1440,1980,false,,,,Thursday,5
4057192912,2016-03-25,0,0,0,0,0,0,0,0,0,0,0,1440,1776,false,,,,Friday,6
1624580081,2016-03-25,1810,1.17999994754791,1.17999994754791,0,0,0,1.12999999523163,0.00999999977648258,0,0,121,1319,1373,false,,,,Friday,6
4020332650,2016-03-25,5563,3.99000000953674,3.99000000953674,0,0,0,0,0,0,0,0,1440,3681,false,,,,Friday,6
1624580081,2016-03-26,815,0.529999971389771,0.529999971389771,0,0,0,0.529999971389771,0,0,0,47,1393,1264,false,,,,Saturday,7
4020332650,2016-03-26,4370,3.13000011444092,3.13000011444092,0,0,0,0,0,0,0,0,1440,3444,false,,,,Saturday,7
4057192912,2016-03-26,0,0,0,0,0,0,0,0,0,0,0,1440,1776,false,,,,Saturday,7
4057192912,2016-03-27,2275,1.67999994754791,1.67999994754791,0,0,0,1.6599999666214,0,0,0,86,1354,2005,false,,,,Sunday,1
1624580081,2016-03-27,1985,1.28999996185303,1.28999996185303,0,0,0,1.27999997138977,0.00999999977648258,0,0,112,1328,1350,false,,,,Sunday,1
4020332650,2016-03-27,7144,5.11999988555908,5.11999988555908,0,0,0,0,0,0,0,0,1440,3510,false,,,,Sunday,1
1624580081,2016-03-28,1905,1.24000000953674,1.24000000953674,0,0,0,1.24000000953674,0,0,0,95,1345,1342,false,,,,Monday,2
4057192912,2016-03-28,8,0.00999999977648258,0.00999999977648258,0,0,0,0.00999999977648258,0,0,0,1,1439,1778,false,,,,Monday,2
2891001357,2016-03-29,0,0,0,0,0,0,0,0,0,0,0,1440,1920,false,,,,Tuesday,3
4057192912,2016-03-29,5137,3.75999999046326,3.75999999046326,0,0,0,3.75999999046326,0,0,0,160,1280,2293,false,,,,Tuesday,3
4388161847,2016-03-29,0,0,0,0,0,0,0,0,0,0,0,1440,1878,false,,,,Tuesday,3
1624580081,2016-03-29,1552,1.00999999046326,1.00999999046326,0,0,0,1,0,0,0,66,1374,1300,false,,,,Tuesday,3
4445114986,2016-03-29,2303,1.54999995231628,1.54999995231628,0,0,0,1.54999995231628,0,0,0,155,807,2010,false,,,,Tuesday,3
4020332650,2016-03-29,4152,2.98000001907349,2.98000001907349,0,0,0,2.96000003814697,0,0,0,187,1253,2976,false,,,,Tuesday,3
4445114986,2016-03-30,2600,1.74000000953674,1.74000000953674,0,0,0,1.74000000953674,0,0,0,163,1277,2032,false,,,,Wednesday,4
4020332650,2016-03-30,5400,3.86999988555908,3.86999988555908,0,0,0,3.84999990463257,0,0,0,258,795,3418,false,,,,Wednesday,4
2891001357,2016-03-30,0,0,0,0,0,0,0,0,0,0,0,1440,1920,false,,,,Wednesday,4
4388161847,2016-03-30,0,0,0,0,0,0,0,0,0,0,0,1440,1878,false,,,,Wednesday,4
4057192912,2016-03-30,5419,4,4.57000017166138,0.055842999368906,0,0,3.91000008583069,0.0599999986588955,0,0,145,1295,2259,false,,,,Wednesday,4
1624580081,2016-03-30,1675,1.0900000333786,1.0900000333786,0,0,0,1.0900000333786,0,0,0,84,1356,1313,false,,,,Wednesday,4
4388161847,2016-03-31,0,0,0,0,0,0,0,0,0,0,0,1440,1878,false,,,,Thursday,5
4057192912,2016-03-31,0,0,0,0,0,0,0,0,0,0,0,1440,1776,false,,,,Thursday,5
4702921684,2016-03-31,6963,5.65000009536743,5.65000009536743,0,0,0,5.65000009536743,0,0,0,256,759,2895,false,,,,Thursday,5
2347167796,2016-03-31,6760,4.46999979019165,4.46999979019165,0,0,0,4.46999979019165,0,0,0,250,613,1929,false,,,,Thursday,5
2891001357,2016-03-31,0,0,0,0,0,0,0,0,0,0,0,1440,1920,false,,,,Thursday,5
4445114986,2016-03-31,4804,3.22000002861023,3.22000002861023,0,0,0,3.22000002861023,0,0,0,238,786,2227,false,,,,Thursday,5
2320127002,2016-04-01,0,0,0,0,0,0,0,0,0,0,0,1440,1324,false,,,,Friday,6
3977333714,2016-04-01,4499,3.00999999046326,3.00999999046326,0,0,0,3.00999999046326,0,0,0,168,842,1288,false,,,,Friday,6
4445114986,2016-04-01,3271,2.19000005722046,2.19000005722046,0,0,0,2.19000005722046,0,0,0,205,898,2133,false,,,,Friday,6
4388161847,2016-04-01,0,0,0,0,0,0,0,0,0,0,0,1440,1878,false,,,,Friday,6
2026352035,2016-04-01,2605,1.62000000476837,1.62000000476837,0,0,0,1.62000000476837,0,0,0,166,729,1407,false,,,,Friday,6
1644430081,2016-04-01,4636,3.41000008583069,3.41000008583069,0,0,0.779999971389771,2.59999990463257,0.0299999993294477,0,16,586,838,3323,false,,,,Friday,6
2347167796,2016-04-01,8328,5.51000022888184,5.51000022888184,0,0,2,3.5,0,0,33,212,804,1935,false,,,,Friday,6
6391747486,2016-04-01,0,0,0,0,0,0,0,0,0,0,0,1440,1820,false,,,,Friday,6
1927972279,2016-04-01,4317,2.99000000953674,2.99000000953674,0,0,0.370000004768372,2.61999988555908,0,0,11,192,854,2590,false,,,,Friday,6
1624580081,2016-04-01,9218,5.98999977111816,5.98999977111816,0,0,0,5.96999979019165,0.00999999977648258,0,0,221,1219,1541,false,,,,Friday,6
4702921684,2016-04-01,7165,5.80999994277954,5.80999994277954,0,0,0.370000004768372,5.44000005722046,0,0,9,248,708,2923,false,,,,Friday,6
3372868164,2016-04-01,5785,3.95000004768372,3.95000004768372,0,0,0,3.91000008583069,0.0399999991059303,0,0,311,1129,1852,false,,,,Friday,6
4558609924,2016-04-01,5336,3.52999997138977,3.52999997138977,0,0,0,3.52999997138977,0,0,0,258,1182,1902,false,,,,Friday,6
8583815059,2016-04-01,2174,1.70000004768372,1.70000004768372,0,0,0,1.70000004768372,0,0,0,112,1328,2360,false,,,,Friday,6
2873212765,2016-04-01,890,0.600000023841858,0.600000023841858,0,0,0,0.600000023841858,0,0,0,41,1399,1335,false,,,,Friday,6
2891001357,2016-04-01,0,0,0,4.82803201675415,0,0,0,0,0,660,0,780,4562,false,,,,Friday,6
8253242879,2016-04-01,0,0,0,0,0,0,0,0,0,0,0,1440,1429,false,,,,Friday,6
6290855005,2016-04-01,6633,5.01000022888184,5.01000022888184,0,0,0,5.01000022888184,0,0,0,280,1160,2778,false,,,,Friday,6
6117666160,2016-04-01,7444,5.61999988555908,5.61999988555908,0,0,0,5.61999988555908,0,0,0,286,568,2210,false,,,,Friday,6
4057192912,2016-04-01,0,0,0,0,0,0,0,0,0,0,0,1440,1776,false,,,,Friday,6
3977333714,2016-04-02,7618,5.09999990463257,5.09999990463257,0,0,0.180000007152557,4.90999984741211,0,0,6,302,842,1490,false,,,,Saturday,7
4057192912,2016-04-02,0,0,0,0,0,0,0,0,0,0,0,1440,1776,false,,,,Saturday,7
1844505072,2016-04-02,5367,3.54999995231628,3.54999995231628,0,0,0,3.54999995231628,0,0,0,263,1177,1889,false,,,,Saturday,7
6775888955,2016-04-02,1988,1.42999994754791,1.42999994754791,0,0,0,1.42999994754791,0,0,0,79,909,2207,false,,,,Saturday,7
2320127002,2016-04-02,0,0,0,0,0,0,0,0,0,0,0,1440,1324,false,,,,Saturday,7
8583815059,2016-04-02,3494,2.73000001907349,2.73000001907349,0,0,0,2.69000005722046,0,0,0,166,1274,2517,false,,,,Saturday,7
2891001357,2016-04-02,4126,3.22000002861023,0,3.21868801116943,0,0,3.22000002861023,0,0,0,720,720,2881,false,,,,Saturday,7
4388161847,2016-04-02,0,0,0,0,0,0,0,0,0,0,0,1440,1878,false,,,,Saturday,7
4558609924,2016-04-02,3183,2.09999990463257,2.09999990463257,0,0,0,2.09999990463257,0,0,0,173,1180,1680,false,,,,Saturday,7
5553957443,2016-04-02,2937,1.91999995708466,1.91999995708466,0,0,0,1.9099999666214,0,0,0,181,356,1615,false,,,,Saturday,7
4445114986,2016-04-02,5406,3.63000011444092,3.63000011444092,0,0,0,3.60999989509583,0,0,0,273,672,2317,false,,,,Saturday,7
1927972279,2016-04-02,5662,3.92000007629395,3.92000007629395,0,0,0,3.92000007629395,0,0,0,267,858,2783,false,,,,Saturday,7
7086361926,2016-04-02,87,0.0199999995529652,0.0199999995529652,0,0,0,0.00999999977648258,0,0,0,2,872,1641,false,,,,Saturday,7
2873212765,2016-04-02,2214,1.49000000953674,1.49000000953674,0,0,0,1.49000000953674,0,0,0,197,1243,1559,false,,,,Saturday,7
4702921684,2016-04-02,10328,8.38000011444092,8.38000011444092,0,0,1.46000003814697,6.92000007629395,0,0,32,367,475,3323,false,,,,Saturday,7
2022484408,2016-04-02,5477,3.83999991416931,3.83999991416931,0,0,0,3.83999991416931,0,0,0,237,1203,2040,false,,,,Saturday,7
8253242879,2016-04-02,0,0,0,0,0,0,0,0,0,0,0,1440,1429,false,,,,Saturday,7
8378563200,2016-04-02,3358,2.66000008583069,2.66000008583069,0,0,0,2.66000008583069,0,0,0,144,657,2702,false,,,,Saturday,7
2026352035,2016-04-02,1229,0.759999990463257,0.759999990463257,0,0,0,0.759999990463257,0,0,0,69,795,1237,false,,,,Saturday,7
1624580081,2016-04-02,1556,1.00999999046326,1.00999999046326,0,0,0,1.00999999046326,0.00999999977648258,0,0,88,1352,1327,false,,,,Saturday,7
1927972279,2016-04-03,3198,2.21000003814697,2.21000003814697,0,0,0,2.21000003814697,0,0,0,146,1183,2449,false,,,,Sunday,1
6290855005,2016-04-03,0,0,0,0,0,0,0,0,33,0,0,1407,2664,false,,,,Sunday,1
5553957443,2016-04-03,1515,0.990000009536743,0.990000009536743,0,0,0,0.990000009536743,0,0,0,93,507,1481,false,,,,Sunday,1
4445114986,2016-04-03,3146,2.10999989509583,2.10999989509583,0,0,0,2.10999989509583,0,0,0,171,1269,2058,false,,,,Sunday,1
8253242879,2016-04-03,0,0,0,0,0,0,0,0,0,0,0,1440,1429,false,,,,Sunday,1
3372868164,2016-04-03,4706,3.21000003814697,3.21000003814697,0,0,0,3.21000003814697,0,0,0,299,1141,1816,false,,,,Sunday,1
2320127002,2016-04-03,0,0,0,0,0,0,0,0,0,0,0,1440,1324,false,,,,Sunday,1
2891001357,2016-04-03,0,0,0,0,0,0,0,0,0,0,0,1440,1920,false,,,,Sunday,1
6391747486,2016-04-03,0,0,0,0,0,0,0,0,0,0,0,1440,1820,false,,,,Sunday,1
1844505072,2016-04-03,2841,1.87999999523163,1.87999999523163,0,0,0,1.87999999523163,0,0,0,136,1114,1636,false,,,,Sunday,1
2347167796,2016-04-03,7485,4.94999980926514,4.94999980926514,0,0,0,4.94999980926514,0,0,0,324,491,2035,false,,,,Sunday,1
2026352035,2016-04-03,2308,1.42999994754791,1.42999994754791,0,0,0,1.42999994754791,0,0,0,115,720,1330,false,,,,Sunday,1
8583815059,2016-04-03,2380,1.86000001430511,1.86000001430511,0,0,0,1.86000001430511,0,0,0,131,1309,2400,false,,,,Sunday,1
4020332650,2016-04-03,6107,4.38000011444092,4.38000011444092,0,0,0,4.3600001335144,0,0,0,265,776,3313,false,,,,Sunday,1
1624580081,2016-04-03,2910,1.88999998569489,1.88999998569489,0,0,0,1.87999999523163,0.00999999977648258,0,0,157,1283,1452,false,,,,Sunday,1
4057192912,2016-04-03,0,0,0,0,0,0,0,0,0,0,0,1440,1776,false,,,,Sunday,1
4388161847,2016-04-03,0,0,0,0,0,0,0,0,0,0,0,1440,1878,false,,,,Sunday,1
6117666160,2016-04-03,0,0,0,0,0,0,0,0,0,0,0,1440,1496,false,,,,Sunday,1
8792009665,2016-04-04,3821,2.45000004768372,2.45000004768372,0,0,0.219999998807907,2.23000001907349,0,0,9,161,675,2229,false,,,,Monday,2
2320127002,2016-04-04,0,0,0,0,0,0,0,0,0,0,0,1440,1324,false,,,,Monday,2
1624580081,2016-04-04,18464,12,12,0,0,0,12,0,0,0,270,1170,1574,false,,,,Monday,2
4558609924,2016-04-04,8205,5.42000007629395,5.42000007629395,0,0,0,5.42000007629395,0,0,0,367,1073,2078,false,,,,Monday,2
1927972279,2016-04-04,2352,1.62999999523163,1.62999999523163,0,0,0,1.62999999523163,0,0,0,128,829,2380,false,,,,Monday,2
4388161847,2016-04-04,0,0,0,0,0,0,0,0,0,0,0,1440,1878,false,,,,Monday,2
2891001357,2016-04-04,0,0,0,0,0,0,0,0,0,0,0,1440,1920,false,,,,Monday,2
1844505072,2016-04-04,0,0,0,0,0,0,0,0,0,0,0,669,1347,false,,,,Monday,2
8253242879,2016-04-04,0,0,0,0,0,0,0,0,0,0,0,1440,1429,false,,,,Monday,2
4445114986,2016-04-04,2422,1.62999999523163,1.62999999523163,0,0,0,1.62999999523163,0,0,0,110,1330,1935,false,,,,Monday,2
4020332650,2016-04-04,6429,4.59999990463257,4.59999990463257,0,0,0.949999988079071,3.65000009536743,0,0,28,193,741,3118,false,,,,Monday,2
4057192912,2016-04-04,0,0,0,0,0,0,0,0,0,0,0,1440,1776,false,,,,Monday,2
2026352035,2016-04-04,6679,4.1399998664856,4.1399998664856,0,0,0,4.1399998664856,0,0,0,263,644,1583,false,,,,Monday,2
6290855005,2016-04-04,0,0,0,0,0,0,0,0,0,0,0,1440,2060,false,,,,Monday,2
8583815059,2016-04-04,3159,2.46000003814697,2.46000003814697,0,0,0,2.46000003814697,0,0,0,147,1293,2462,false,,,,Monday,2
6775888955,2016-04-04,0,0,0,0,0,0,0,0,0,0,0,1440,1841,false,,,,Monday,2
6391747486,2016-04-04,0,0,0,0,0,0,0,0,0,0,0,1440,1820,false,,,,Monday,2
2026352035,2016-04-05,5645,3.5,3.5,0,0,0,3.5,0,0,0,248,621,1538,false,,,,Tuesday,3
1844505072,2016-04-05,0,0,0,0,0,0,0,0,0,0,0,1440,1347,false,,,,Tuesday,3
2891001357,2016-04-05,2063,1.61000001430511,0,1.60934400558472,0,0,1.61000001430511,0,0,0,630,99,1144,false,,,,Tuesday,3
2320127002,2016-04-05,4931,3.3199999332428,3.3199999332428,0,0,0,3.3199999332428,0,0,0,175,1265,1708,false,,,,Tuesday,3
4388161847,2016-04-05,0,0,0,0,0,0,0,0,0,0,0,994,1296,false,,,,Tuesday,3
1624580081,2016-04-05,1335,0.870000004768372,0.870000004768372,0,0,0,0.870000004768372,0,0,0,74,1366,1308,false,,,,Tuesday,3
8253242879,2016-04-05,0,0,0,0,0,0,0,0,0,0,0,1440,1429,false,,,,Tuesday,3
6391747486,2016-04-05,9766,7.51000022888184,0.779999971389771,6.72705698013306,0,0.0500000007450581,7.46000003814697,0,0,6,301,1133,2442,false,,,,Tuesday,3
3372868164,2016-04-05,4460,3.03999996185303,3.03999996185303,0,0,0,3.01999998092651,0.0299999993294477,0,0,248,1192,1787,false,,,,Tuesday,3
6117666160,2016-04-05,9910,7.48000001907349,7.48000001907349,0,0,0,7.48000001907349,0,0,0,384,990,2445,false,,,,Tuesday,3
4057192912,2016-04-05,0,0,0,0,0,0,0,0,0,0,0,1440,1776,false,,,,Tuesday,3
2873212765,2016-04-05,8432,5.67000007629395,5.67000007629395,0,0,0,5.65000009536743,0.00999999977648258,0,0,374,1066,1953,false,,,,Tuesday,3
1927972279,2016-04-05,2234,1.54999995231628,1.54999995231628,0,0,0,1.54999995231628,0,0,0,108,912,2344,false,,,,Tuesday,3
6290855005,2016-04-05,0,0,0,0,0,0,0,0,0,0,0,1440,2060,false,,,,Tuesday,3
4020332650,2016-04-06,7476,5.3600001335144,5.3600001335144,0,0,0,5.30999994277954,0,0,0,263,920,3253,false,,,,Wednesday,4
1927972279,2016-04-06,1259,0.870000004768372,0.870000004768372,0,0,0,0.870000004768372,0,0,0,73,938,2202,false,,,,Wednesday,4
8253242879,2016-04-06,1931,1.27999997138977,1.27999997138977,0,0,0,1.27999997138977,0,0,0,94,1346,1607,false,,,,Wednesday,4
8792009665,2016-04-06,2121,1.36000001430511,1.36000001430511,0,0,0,1.36000001430511,0,0,0,122,855,2114,false,,,,Wednesday,4
1624580081,2016-04-06,1004,0.649999976158142,0.649999976158142,0,0,0,0.649999976158142,0,0,0,55,1385,1276,false,,,,Wednesday,4
1844505072,2016-04-06,7,0,0,0,0,0,0,0,0,0,1,1439,1349,false,,,,Wednesday,4
2026352035,2016-04-06,3180,1.97000002861023,1.97000002861023,0,0,0,1.97000002861023,0,0,0,185,738,1421,false,,,,Wednesday,4
8583815059,2016-04-06,2098,1.63999998569489,1.63999998569489,0,0,0,1.62999999523163,0,0,0,112,1328,2354,false,,,,Wednesday,4
6117666160,2016-04-06,12409,9.36999988555908,9.36999988555908,0,0,0,9.36999988555908,0,0,0,491,388,2694,false,,,,Wednesday,4
6391747486,2016-04-06,165,0.129999995231628,0.129999995231628,0,0,0,0.129999995231628,0,0,0,8,1432,1849,false,,,,Wednesday,4
2873212765,2016-04-06,7350,4.94000005722046,4.94000005722046,0,0,0,4.94000005722046,0,0,0,382,1058,1910,false,,,,Wednesday,4
4057192912,2016-04-06,18,0.00999999977648258,0.00999999977648258,0,0,0,0.00999999977648258,0,0,0,2,1438,1780,false,,,,Wednesday,4
4558609924,2016-04-06,5668,3.75,3.75,0,0,0,3.75,0,0,0,259,1181,1853,false,,,,Wednesday,4
2320127002,2016-04-06,6999,4.71999979019165,4.71999979019165,0,0,0,4.71999979019165,0,0,0,320,1120,1950,false,,,,Wednesday,4
6290855005,2016-04-06,0,0,0,0,0,0,0,0,0,0,0,1440,2060,false,,,,Wednesday,4
8378563200,2016-04-06,9124,7.23999977111816,7.23999977111816,2.0921471118927,0,0.25,6.98999977111816,0,55,6,230,728,3798,false,,,,Wednesday,4
6290855005,2016-04-07,0,0,0,0,0,0,0,0,0,0,0,1440,2060,false,,,,Thursday,5
2026352035,2016-04-07,2767,1.72000002861023,1.72000002861023,0,0,0,1.72000002861023,0,0,0,170,673,1392,false,,,,Thursday,5
6117666160,2016-04-07,4853,3.66000008583069,3.66000008583069,0,0,0,3.66000008583069,0,0,0,156,770,1903,false,,,,Thursday,5
4020332650,2016-04-07,6581,4.71999979019165,4.71999979019165,0,0,0.28999999165535,4.3899998664856,0,0,8,241,1191,3032,false,,,,Thursday,5
1624580081,2016-04-07,1111,0.720000028610229,0.720000028610229,0,0,0,0.720000028610229,0,0,0,54,1386,1278,false,,,,Thursday,5
3977333714,2016-04-07,8422,5.63000011444092,5.63000011444092,0,0,3.59999990463257,2.03999996185303,0,0,81,139,815,1431,false,,,,Thursday,5
4057192912,2016-04-07,4,0,0,0,0,0,0,0,0,0,1,1439,1778,false,,,,Thursday,5
4702921684,2016-04-07,6585,5.34000015258789,5.34000015258789,0,0,0,5.34000015258789,0,0,0,210,770,2822,false,,,,Thursday,5
2320127002,2016-04-07,1846,1.24000000953674,1.24000000953674,0,0,0,1.24000000953674,0,0,0,93,1347,1508,false,,,,Thursday,5
1844505072,2016-04-07,6344,4.19000005722046,4.19000005722046,0,0,0,4.19000005722046,0,0,0,290,1150,1965,false,,,,Thursday,5
8583815059,2016-04-07,2816,2.20000004768372,2.20000004768372,0,0,0,2.20000004768372,0,0,0,138,1302,2437,false,,,,Thursday,5
1927972279,2016-04-07,768,0.529999971389771,0.529999971389771,0,0,0,0.529999971389771,0,0,0,43,1397,2130,false,,,,Thursday,5
6391747486,2016-04-07,0,0,0,0,0,0,0,0,0,0,0,1440,1822,false,,,,Thursday,5
8792009665,2016-04-07,1291,0.829999983310699,0.829999983310699,0,0,0,0.829999983310699,0,0,0,77,888,1961,false,,,,Thursday,5
8583815059,2016-04-08,1408,1.10000002384186,1.10000002384186,0,0,0,1.10000002384186,0,0,0,79,1052,1814,false,,,,Friday,6
1624580081,2016-04-08,6344,4.11999988555908,4.11999988555908,0,0,0,4.09999990463257,0,0,0,143,1297,1409,false,,,,Friday,6
4558609924,2016-04-08,4195,2.76999998092651,2.76999998092651,0,0,0,2.76999998092651,0,0,0,241,1199,1778,false,,,,Friday,6
3977333714,2016-04-08,10226,6.84000015258789,6.84000015258789,0,0,4.44000005722046,2.40000009536743,0,0,101,174,685,1524,false,,,,Friday,6
2026352035,2016-04-08,3762,2.32999992370605,2.32999992370605,0,0,0,2.32999992370605,0,0,0,173,719,1425,false,,,,Friday,6
4702921684,2016-04-08,8184,6.6399998664856,6.6399998664856,0,0,0.620000004768372,5.94999980926514,0,0,15,247,808,2981,false,,,,Friday,6
6290855005,2016-04-08,0,0,0,0,0,0,0,0,0,0,0,1440,2060,false,,,,Friday,6
4445114986,2016-04-08,5543,3.72000002861023,3.72000002861023,0,0,0,3.72000002861023,0,0,0,266,941,2303,false,,,,Friday,6
6117666160,2016-04-08,8955,6.76000022888184,6.76000022888184,0,0,0,6.73000001907349,0,0,0,422,1018,2482,false,,,,Friday,6
1844505072,2016-04-08,5316,3.50999999046326,3.50999999046326,0,0,0,3.50999999046326,0,0,0,221,1219,1824,false,,,,Friday,6
2320127002,2016-04-08,3417,2.29999995231628,2.29999995231628,0,0,0,2.29999995231628,0,0,0,153,1287,1625,false,,,,Friday,6
3372868164,2016-04-08,5551,3.78999996185303,3.78999996185303,0,0,0,3.76999998092651,0.00999999977648258,0,0,282,1158,1815,false,,,,Friday,6
6391747486,2016-04-08,0,0,0,0,0,0,0,0,0,0,0,1440,1820,false,,,,Friday,6
2873212765,2016-04-08,7157,4.80999994277954,4.80999994277954,0,0,0,4.80999994277954,0,0,0,380,1060,1944,false,,,,Friday,6
1927972279,2016-04-08,519,0.360000014305115,0.360000014305115,0,0,0,0.360000014305115,0,0,0,34,1406,2088,false,,,,Friday,6
4445114986,2016-04-09,4195,2.80999994277954,2.80999994277954,0,0,0,2.80999994277954,0,0,0,239,758,2210,false,,,,Saturday,7
8792009665,2016-04-09,1022,0.649999976158142,0.649999976158142,0,0,0,0.649999976158142,0,0,0,63,739,1890,false,,,,Saturday,7
1927972279,2016-04-09,2523,1.75,1.75,0,0,0.370000004768372,1.37999999523163,0,0,9,134,1250,2443,false,,,,Saturday,7
4057192912,2016-04-09,1650,1.21000003814697,1.21000003814697,0,0,0,1.21000003814697,0,0,0,60,1380,1952,false,,,,Saturday,7
1624580081,2016-04-09,3572,2.3199999332428,2.3199999332428,0,0,0,2.28999996185303,0.0299999993294477,0,0,122,1318,1370,false,,,,Saturday,7
5553957443,2016-04-09,4599,3,3,0,0,0,3,0,0,0,176,578,1692,false,,,,Saturday,7
4319703577,2016-04-09,0,0,0,0,0,0,0,0,0,0,0,1440,0,true,,,,Saturday,7
1844505072,2016-04-09,4979,3.28999996185303,3.28999996185303,0,0,0,3.28999996185303,0,0,0,184,620,1807,false,,,,Saturday,7
6290855005,2016-04-09,0,0,0,0,0,0,0,0,0,0,0,1440,2060,false,,,,Saturday,7
6775888955,2016-04-09,14,0.00999999977648258,0.00999999977648258,0,0,0,0.00999999977648258,0,0,0,1,601,787,false,,,,Saturday,7
4558609924,2016-04-09,5512,3.64000010490417,3.64000010490417,0,0,0,3.64000010490417,0,0,0,276,1164,1882,false,,,,Saturday,7
8378563200,2016-04-09,2240,1.77999997138977,1.77999997138977,0,0,0,1.77999997138977,0,0,0,110,843,2606,false,,,,Saturday,7
2026352035,2016-04-09,3098,1.91999995708466,1.91999995708466,0,0,0,1.91999995708466,0,0,0,185,700,1413,false,,,,Saturday,7
6117666160,2016-04-09,10789,8.14999961853027,8.14999961853027,0,0,0,8.14999961853027,0,0,0,506,413,2617,false,,,,Saturday,7
6391747486,2016-04-09,0,0,0,0,0,0,0,0,0,0,0,198,251,false,,,,Saturday,7
8877689391,2016-04-09,16470,8.06999969482422,8.06999969482422,0,0,0.0199999995529652,8.02000045776367,0,90,9,289,1052,3841,false,,,,Saturday,7
8792009665,2016-04-10,4605,2.95000004768372,2.95000004768372,0,0,0,2.95000004768372,0,0,0,179,1261,2253,false,,,,Sunday,1
8378563200,2016-04-10,2631,2.08999991416931,2.08999991416931,0,0,0,2.08999991416931,0,0,0,117,727,2624,false,,,,Sunday,1
6290855005,2016-04-10,0,0,0,0,0,0,0,0,20,0,0,494,735,false,,,,Sunday,1
1844505072,2016-04-10,6556,4.34000015258789,4.34000015258789,0,0,0,4.32999992370605,0,0,0,305,810,1971,false,,,,Sunday,1
4445114986,2016-04-10,6625,4.44999980926514,4.44999980926514,0,0,0,4.44999980926514,0,0,0,316,755,2424,false,,,,Sunday,1
1927972279,2016-04-10,2105,1.46000003814697,1.46000003814697,0,0,0,1.46000003814697,0,0,0,139,805,2442,false,,,,Sunday,1
8253242879,2016-04-10,2545,1.67999994754791,1.67999994754791,0,0,0,1.66999995708466,0.0199999995529652,0,0,126,1314,1657,false,,,,Sunday,1
4558609924,2016-04-10,6263,4.1399998664856,4.1399998664856,0,0,0,4.13000011444092,0,0,0,290,1150,1906,false,,,,Sunday,1
2320127002,2016-04-10,2277,1.52999997138977,1.52999997138977,0,0,0,1.52999997138977,0,0,0,103,1337,1530,false,,,,Sunday,1
2026352035,2016-04-10,5142,3.19000005722046,3.19000005722046,0,0,0,3.19000005722046,0,0,0,230,654,1515,false,,,,Sunday,1
7086361926,2016-04-10,569,0.349999994039536,0.349999994039536,0,0,0,0.340000003576279,0,0,0,27,1368,1799,false,,,,Sunday,1
1644430081,2016-04-10,1329,0.970000028610229,0.970000028610229,0,0,0,0.970000028610229,0,0,0,35,207,489,false,,,,Sunday,1
6117666160,2016-04-10,0,0,0,0,0,0,0,0,0,0,0,1440,0,true,,,,Sunday,1
1927972279,2016-04-11,1209,0.839999973773956,0.839999973773956,0,0,0,0.839999973773956,0,0,0,73,842,2255,false,,,,Monday,2
4057192912,2016-04-11,6801,4.98000001907349,4.98000001907349,0,0,0,4.96999979019165,0,0,0,193,1247,2393,false,,,,Monday,2
8253242879,2016-04-11,1636,1.08000004291534,1.08000004291534,0,0,0,1.08000004291534,0,0,0,86,1139,1377,false,,,,Monday,2
8792009665,2016-04-11,178,0.109999999403954,0.109999999403954,0,0,0,0.109999999403954,0,0,0,12,1428,1725,false,,,,Monday,2
4702921684,2016-04-11,6499,5.26999998092651,5.26999998092651,0,0,0,5.26999998092651,0,0,0,207,809,2677,false,,,,Monday,2
1844505072,2016-04-11,5430,3.58999991416931,3.58999991416931,0,0,0,3.58999991416931,0,0,0,251,1189,1888,false,,,,Monday,2
2873212765,2016-04-11,7497,5.03999996185303,5.03999996185303,0,0,0,5.03999996185303,0,0,0,357,882,1741,false,,,,Monday,2
1624580081,2016-04-11,10000,6.5,6.5,0,0,0,6.5,0,0,0,172,1268,1469,false,,,,Monday,2
2026352035,2016-04-11,3279,2.02999997138977,2.02999997138977,0,0,0,2.02999997138977,0,0,0,164,694,1405,false,,,,Monday,2
4558609924,2016-04-11,8828,5.84000015258789,5.84000015258789,0,0,0,5.84000015258789,0,0,0,308,1132,2149,false,,,,Monday,2
4020332650,2016-04-11,2993,2.15000009536743,2.15000009536743,0,0,0,2.08999991416931,0,0,0,114,888,2507,false,,,,Monday,2
4057192912,2016-04-12,5581,4.1700002104043961,4.1700002104043961,0,0,0,4.0800000578165054,0,0,0,175,1676,2824,false,,,,Tuesday,3
1927972279,2016-04-12,702,0.48999999836087221,0.48999999836087221,0,0,0,0.48999999836087221,0,0,0,58,895,3162,false,3,750,775,Tuesday,3
4558609924,2016-04-12,6395,4.2200000882148689,4.2200000882148689,0,0,0,4.210000097751613,0,0,0,394,1677,2631,false,,,,Tuesday,3
8583815059,2016-04-12,5014,3.91000008583069,3.91000008583069,0,0,0.330000013113022,3.57999992370605,0,0,7,196,1237,2650,false,,,,Tuesday,3
3372868164,2016-04-12,4747,3.24000000953674,3.24000000953674,0,0,0,3.23000001907349,0.00999999977648258,0,0,280,1160,1788,false,,,,Tuesday,3
8792009665,2016-04-12,2584,1.6499999854713725,1.6499999854713725,0,0,0,1.6499999854713725,0,0,0,122,1429,2772,false,1,458,493,Tuesday,3
4445114986,2016-04-12,3554,2.3900000452995336,2.3900000452995336,0,0,0,2.3900000452995336,0,0,0,216,1040,2858,false,2,429,457,Tuesday,3
6290855005,2016-04-12,4562,3.45000004768372,3.45000004768372,0,0,0,3.45000004768372,0,0,0,199,1241,2560,false,,,,Tuesday,3
4702921684,2016-04-12,7213,5.88000011444092,5.88000011444092,0,0,0,5.84999990463257,0,0,0,263,2158,2947,false,1,425,439,Tuesday,3
4319703577,2016-04-12,7753,5.19999980926514,5.19999980926514,0,0,0,0,0,0,0,0,1440,2115,false,,,,Tuesday,3
1844505072,2016-04-12,6697,4.42999982833862,4.42999982833862,0,0,0,4.42999982833862,0,0,0,339,1527,2429,false,,,,Tuesday,3
1624580081,2016-04-12,14790,9.61999988555908,9.61999988555908,0,0,0,9.61999988555908,0,0,0,235,1898,2138,false,,,,Tuesday,3
6117666160,2016-04-12,0,0,0,0,0,0,0,0,0,0,0,1440,1496,false,,,,Tuesday,3
6775888955,2016-04-12,0,0,0,0,0,0,0,0,0,0,0,1440,1841,false,,,,Tuesday,3
4388161847,2016-04-12,10122,7.78000020980835,7.78000020980835,0,0,0,0,0,0,0,0,1440,2955,false,,,,Tuesday,3
4445114986,2016-04-13,2961,1.99000000953674,1.99000000953674,0,0,0,1.99000000953674,0,0,0,194,840,2095,false,2,370,406,Wednesday,4
2873212765,2016-04-13,7618,5.11999988555908,5.11999988555908,0,0,0.219999998807907,4.88000011444092,0.0199999995529652,0,8,404,1028,2004,false,,,,Wednesday,4
6117666160,2016-04-13,0,0,0,0,0,0,0,0,0,0,0,1440,1496,false,,,,Wednesday,4
6290855005,2016-04-13,7142,5.40000009536743,5.40000009536743,0,0,0,5.3899998664856,0.00999999977648258,0,0,350,1090,2905,false,,,,Wednesday,4
1927972279,2016-04-13,356,0.25,0.25,0,0,0,0.25,0,0,0,32,986,2151,false,1,398,422,Wednesday,4
1624580081,2016-04-13,7007,4.55000019073486,4.55000019073486,0,0,0,4.55000019073486,0,0,0,148,1292,1411,false,,,,Wednesday,4
4020332650,2016-04-13,0,0,0,0,0,0,0,0,0,0,0,1440,1981,false,,,,Wednesday,4
2320127002,2016-04-13,7275,4.90000009536743,4.90000009536743,0,0,0,4.90000009536743,0,0,0,335,1105,2003,false,,,,Wednesday,4
8792009665,2016-04-13,1320,0.839999973773956,0.839999973773956,0,0,0,0.839999973773956,0,0,0,82,806,1934,false,1,531,552,Wednesday,4
2026352035,2016-04-13,4993,3.09999990463257,3.09999990463257,0,0,0,3.09999990463257,0,0,0,238,663,1521,false,1,531,565,Wednesday,4
4702921684,2016-04-13,6877,5.57999992370605,5.57999992370605,0,0,0,5.57999992370605,0,0,0,258,777,2898,false,2,400,430,Wednesday,4
1844505072,2016-04-13,4929,3.25999999046326,3.25999999046326,0,0,0,3.25999999046326,0,0,0,248,1192,1860,false,,,,Wednesday,4
4057192912,2016-04-13,5974,4.46999979019165,4.46999979019165,0,0,0,4.36999988555908,0,0,0,160,1280,2306,false,,,,Wednesday,4
5553957443,2016-04-13,4832,3.16000008583069,3.16000008583069,0,0,0,3.16000008583069,0,0,0,226,647,1718,false,2,455,488,Wednesday,4
4702921684,2016-04-14,7860,6.36999988555908,6.36999988555908,0,0,0,6.36999988555908,0,0,0,271,772,2984,false,1,384,415,Thursday,5
4558609924,2016-04-14,6799,4.48999977111816,4.48999977111816,0,0,0,4.48999977111816,0,0,0,279,1161,1922,false,,,,Thursday,5
4057192912,2016-04-14,0,0,0,0,0,0,0,0,0,0,0,1440,1776,false,,,,Thursday,5
6117666160,2016-04-14,0,0,0,0,0,0,0,0,0,0,0,1440,1496,false,,,,Thursday,5
1927972279,2016-04-14,2163,1.5,1.5,0,0,0.400000005960464,1.10000002384186,0,0,9,88,1292,2383,false,,,,Thursday,5
1844505072,2016-04-14,7937,5.25,5.25,0,0,0,5.23000001907349,0,0,0,373,843,2130,false,,,,Thursday,5
2320127002,2016-04-14,3973,2.6800000667572,2.6800000667572,0,0,0,2.6800000667572,0,0,0,191,1249,1696,false,,,,Thursday,5
6290855005,2016-04-14,7671,5.80000019073486,5.80000019073486,0,0,0,5.76999998092651,0.0299999993294477,0,0,363,1077,2952,false,,,,Thursday,5
8792009665,2016-04-14,1219,0.779999971389771,0.779999971389771,0,0,0,0.779999971389771,0,0,0,84,853,1963,false,1,486,503,Thursday,5
6962181067,2016-04-14,1551,1.02999997138977,1.02999997138977,0,0,0,1.02999997138977,0,0,0,86,862,1466,false,2,508,535,Thursday,5
4445114986,2016-04-14,3974,2.67000007629395,2.67000007629395,0,0,0,2.67000007629395,0,0,0,231,717,2194,false,1,441,492,Thursday,5
4020332650,2016-04-14,108,0.0799999982118607,0.0799999982118607,0,0,0,0.0299999993294477,0,0,0,3,1437,2011,false,,,,Thursday,5
2873212765,2016-04-14,7910,5.32000017166138,5.32000017166138,0,0,0,5.32000017166138,0,0,0,331,1109,1893,false,,,,Thursday,5
1624580081,2016-04-14,9107,5.92000007629395,5.92000007629395,0,0,0,5.90999984741211,0.00999999977648258,0,0,236,1204,1572,false,,,,Thursday,5
8583815059,2016-04-14,3135,2.45000004768372,2.45000004768372,0,0,0,2.4300000667572,0,0,0,134,1306,2443,false,,,,Thursday,5
2026352035,2016-04-14,3335,2.0699999332428,2.0699999332428,0,0,0,2.04999995231628,0,0,0,197,653,1431,false,1,545,568,Thursday,5
2026352035,2016-04-15,3821,2.36999988555908,2.36999988555908,0,0,0,2.36999988555908,0,0,0,188,687,1444,false,1,523,573,Friday,6
6962181067,2016-04-15,5563,3.6800000667572,3.6800000667572,0,0,0,3.6800000667572,0,0,0,217,837,1756,false,1,370,386,Friday,6
1927972279,2016-04-15,980,0.680000007152557,0.680000007152557,0,0,0,0.680000007152557,0,0,0,51,941,2221,false,2,475,499,Friday,6
6290855005,2016-04-15,9501,7.17999982833862,7.17999982833862,0,0,0,7.17000007629395,0.00999999977648258,0,0,328,1112,2896,false,,,,Friday,6
8253242879,2016-04-15,2672,1.76999998092651,1.76999998092651,0,0,0,1.75999999046326,0,0,0,105,1335,1632,false,,,,Friday,6
4388161847,2016-04-15,8758,6.73000001907349,6.73000001907349,0,0,0,6.73000001907349,0,0,0,299,837,3066,false,1,499,526,Friday,6
1844505072,2016-04-15,3844,2.53999996185303,2.53999996185303,0,0,0,2.53999996185303,0,0,0,176,527,1725,false,1,644,961,Friday,6
2320127002,2016-04-15,5205,3.50999999046326,3.50999999046326,0,0,0,3.50999999046326,0,0,0,245,1195,1801,false,,,,Friday,6
4319703577,2016-04-15,5664,3.79999995231628,3.79999995231628,0,0,0,3.79999995231628,0,0,0,228,752,1985,false,1,465,491,Friday,6
6117666160,2016-04-15,14019,10.5900001525879,10.5900001525879,0,0,0.280000001192093,10.3000001907349,0,0,6,513,921,2865,false,,,,Friday,6
6775888955,2016-04-15,1282,0.920000016689301,0.920000016689301,0,0,0,0.920000016689301,0,0,0,58,976,2127,false,1,391,406,Friday,6
1624580081,2016-04-15,1510,0.980000019073486,0.980000019073486,0,0,0,0.970000028610229,0,0,0,96,1344,1344,false,,,,Friday,6
8792009665,2016-04-15,2483,1.5900000333786,1.5900000333786,0,0,0,1.5900000333786,0,0,0,126,937,2009,false,1,363,377,Friday,6
2873212765,2016-04-15,8482,5.69999980926514,5.69999980926514,0,0,0,5.69000005722046,0.00999999977648258,0,0,448,992,2063,false,,,,Friday,6
7007744171,2016-04-15,5273,3.52999997138977,3.52999997138977,0,0,0,3.52999997138977,0,0,0,202,1238,2098,false,,,,Friday,6
3372868164,2016-04-15,7451,5.07999992370605,5.07999992370605,0,0,0,5.05999994277954,0.0199999995529652,0,0,335,1105,1908,false,,,,Friday,6
4445114986,2016-04-15,7198,4.82999992370605,4.82999992370605,0,0,0,4.82999992370605,0,0,0,350,711,2496,false,2,337,379,Friday,6
8583815059,2016-04-15,3430,2.6800000667572,2.6800000667572,0,0,0,0.899999976158142,0,0,0,65,1375,2505,false,,,,Friday,6
7007744171,2016-04-16,4631,3.09999990463257,3.09999990463257,0,0,0,3.09999990463257,0,0,0,203,1155,2076,false,1,79,82,Saturday,7
2320127002,2016-04-16,5057,3.41000008583069,3.41000008583069,0,0,0,3.40000009536743,0,0,0,195,1245,1724,false,,,,Saturday,7
7086361926,2016-04-16,31,0.00999999977648258,0.00999999977648258,0,0,0,0.00999999977648258,0,0,0,3,1437,1635,false,,,,Saturday,7
1927972279,2016-04-16,0,0,0,0,0,0,0,0,0,0,0,1440,2064,false,,,,Saturday,7
4445114986,2016-04-16,3945,2.65000009536743,2.65000009536743,0,0,0,2.65000009536743,0,0,0,225,716,2180,false,1,462,499,Saturday,7
1624580081,2016-04-16,5370,3.49000000953674,3.49000000953674,0,0,0,3.49000000953674,0,0,0,176,1264,1463,false,,,,Saturday,7
8583815059,2016-04-16,5319,4.15000009536743,4.15000009536743,0,0,0,0,0,0,0,0,1440,2693,false,,,,Saturday,7
8792009665,2016-04-16,244,0.159999996423721,0.159999996423721,0,0,0,0.159999996423721,0,0,0,12,1428,1721,false,,,,Saturday,7
6290855005,2016-04-16,8301,6.28000020980835,6.28000020980835,0,0,0,6.26999998092651,0.00999999977648258,0,0,258,1182,2783,false,,,,Saturday,7
1844505072,2016-04-16,3414,2.25999999046326,2.25999999046326,0,0,0,2.25999999046326,0,0,0,147,1293,1657,false,,,,Saturday,7
2026352035,2016-04-16,2547,1.58000004291534,1.58000004291534,0,0,0,1.58000004291534,0,0,0,150,728,1373,false,1,524,567,Saturday,7
5553957443,2016-04-16,5771,3.76999998092651,3.76999998092651,0,0,0,3.76999998092651,0,0,0,288,521,1831,false,2,651,686,Saturday,7
3372868164,2016-04-16,6905,4.73000001907349,4.73000001907349,0,0,0,4.69999980926514,0.0299999993294477,0,0,356,1084,1908,false,,,,Saturday,7
4319703577,2016-04-16,4744,3.1800000667572,3.1800000667572,0,0,0,3.1800000667572,0,0,0,194,724,1884,false,1,506,522,Saturday,7
4445114986,2016-04-17,2268,1.51999998092651,1.51999998092651,0,0,0,1.51999998092651,0,0,0,114,1219,1933,false,1,98,107,Sunday,1
2320127002,2016-04-17,6198,4.17999982833862,4.17999982833862,0,0,0,4.17999982833862,0,0,0,249,1191,1852,false,,,,Sunday,1
4319703577,2016-04-17,29,0.0199999995529652,0.0199999995529652,0,0,0,0.0199999995529652,0,0,0,3,1363,1464,false,,,,Sunday,1
6117666160,2016-04-17,7150,5.40000009536743,5.40000009536743,0,0,0,5.40000009536743,0,0,0,312,702,2225,false,2,336,350,Sunday,1
8583815059,2016-04-17,3008,2.34999990463257,2.34999990463257,0,0,0,0,0,0,0,0,1440,2439,false,,,,Sunday,1
2026352035,2016-04-17,838,0.519999980926514,0.519999980926514,0,0,0,0.519999980926514,0,0,0,60,1053,1214,false,1,437,498,Sunday,1
7086361926,2016-04-17,0,0,0,0,0,0,0,0,0,0,0,1440,1629,false,,,,Sunday,1
5553957443,2016-04-17,655,0.430000007152557,0.430000007152557,0,0,0,0.430000007152557,0,0,0,46,943,1397,false,1,350,402,Sunday,1
8378563200,2016-04-17,2132,1.69000005722046,1.69000005722046,0,0,0,1.69000005722046,0,0,0,93,599,2572,false,2,525,591,Sunday,1
4020332650,2016-04-17,16,0.00999999977648258,0.00999999977648258,0,0,0,0.00999999977648258,0,0,0,2,1438,1990,false,,,,Sunday,1
8792009665,2016-04-17,0,0,0,0,0,0,0,0,0,0,0,1440,1688,false,,,,Sunday,1
4388161847,2016-04-17,4660,3.57999992370605,3.57999992370605,0,0,0,3.57999992370605,0,0,0,201,721,2572,false,2,619,641,Sunday,1
1927972279,2016-04-17,0,0,0,0,0,0,0,0,0,0,0,1440,2063,false,,,,Sunday,1
2873212765,2016-04-17,2524,1.70000004768372,1.70000004768372,0,0,0.349999994039536,1.3400000333786,0,0,8,160,1272,1529,false,,,,Sunday,1
7007744171,2016-04-17,8059,5.3899998664856,5.3899998664856,0,0,0,5.3899998664856,0,0,0,305,1135,2383,false,,,,Sunday,1
8877689391,2016-04-17,15118,8.86999988555908,8.86999988555908,0,0,0.0700000002980232,8.78999996185303,0,58,15,307,1060,3545,false,,,,Sunday,1
2320127002,2016-04-18,6559,4.42000007629395,4.42000007629395,0,0,0.259999990463257,4.1399998664856,0,0,7,260,1173,1905,false,,,,Monday,2
5553957443,2016-04-18,3727,2.4300000667572,2.4300000667572,0,0,0,2.4300000667572,0,0,0,206,622,1683,false,2,520,541,Monday,2
8792009665,2016-04-18,0,0,0,0,0,0,0,0,0,0,0,1440,1688,false,,,,Monday,2
6290855005,2016-04-18,6885,5.21000003814697,5.21000003814697,0,0,0,5.19000005722046,0.0199999995529652,0,0,271,1169,2766,false,,,,Monday,2
4020332650,2016-04-18,62,0.0399999991059303,0.0399999991059303,0,0,0,0.0399999991059303,0,0,0,2,1438,1995,false,,,,Monday,2
1844505072,2016-04-18,4597,3.03999996185303,3.03999996185303,0,0,0.479999989271164,2.55999994277954,0,0,12,217,1211,1814,false,,,,Monday,2
2026352035,2016-04-18,3325,2.05999994277954,2.05999994277954,0,0,0,2.05999994277954,0,0,0,182,1062,1419,false,,,,Monday,2
1927972279,2016-04-18,244,0.170000001788139,0.170000001788139,0,0,0,0.170000001788139,0,0,0,17,1423,2111,false,,,,Monday,2
6117666160,2016-04-18,5153,3.91000008583069,3.91000008583069,0,0,0,3.89000010490417,0,0,0,241,759,2018,false,2,493,510,Monday,2
2026352035,2016-04-19,2424,1.5,1.5,0,0,0,1.5,0,0,0,141,785,1356,false,1,498,540,Tuesday,3
3372868164,2016-04-19,7711,5.26000022888184,5.26000022888184,0,0,0,5.23999977111816,0.0199999995529652,0,0,376,1064,1985,false,,,,Tuesday,3
1844505072,2016-04-19,197,0.129999995231628,0.129999995231628,0,0,0,0.129999995231628,0,0,0,10,1430,1366,false,,,,Tuesday,3
1927972279,2016-04-19,0,0,0,0,0,0,0,0,0,0,0,1440,2063,false,,,,Tuesday,3
4319703577,2016-04-19,8925,5.98999977111816,5.98999977111816,0,0,0,5.98999977111816,0,0,0,311,604,2200,false,2,461,498,Tuesday,3
6290855005,2016-04-19,7142,5.40000009536743,5.40000009536743,0,0,0,5.3899998664856,0.00999999977648258,0,0,321,1119,2839,false,,,,Tuesday,3
8253242879,2016-04-19,4212,2.77999997138977,2.77999997138977,0,0,0,2.77999997138977,0,0,0,164,1276,1763,false,,,,Tuesday,3
2347167796,2016-04-19,6711,4.44000005722046,4.44000005722046,0,0,0,4.44000005722046,0,0,7,382,648,2346,false,1,465,514,Tuesday,3
1624580081,2016-04-19,2916,1.89999997615814,1.89999997615814,0,0,0,1.89999997615814,0,0,0,141,1299,1435,false,,,,Tuesday,3
6775888955,2016-04-19,0,0,0,0,0,0,0,0,0,0,0,1440,1841,false,,,,Tuesday,3
2873212765,2016-04-19,7948,5.36999988555908,5.36999988555908,0,0,0,5.3600001335144,0,0,0,389,1051,1956,false,,,,Tuesday,3
4445114986,2016-04-19,2064,1.38999998569489,1.38999998569489,0,0,0,1.38999998569489,0,0,0,121,895,1954,false,2,388,424,Tuesday,3
2320127002,2016-04-19,5997,4.03999996185303,4.03999996185303,0,0,0.379999995231628,3.66000008583069,0,0,11,228,1201,1811,false,,,,Tuesday,3
4020332650,2016-04-19,0,0,0,0,0,0,0,0,0,0,0,1440,1980,false,,,,Tuesday,3
6117666160,2016-04-19,11135,8.40999984741211,8.40999984741211,0,0,0,8.40999984741211,0,0,0,480,425,2606,false,1,465,492,Tuesday,3
8792009665,2016-04-19,0,0,0,0,0,0,0,0,0,0,0,1440,1688,false,,,,Tuesday,3
2026352035,2016-04-20,7222,4.48000001907349,4.48000001907349,0,0,0,4.48000001907349,0,0,0,327,623,1667,false,1,461,510,Wednesday,4
1644430081,2016-04-20,2436,1.76999998092651,1.76999998092651,0,0,0,1.75999999046326,0.00999999977648258,0,0,125,1315,2430,false,,,,Wednesday,4
8792009665,2016-04-20,3147,2.00999999046326,2.00999999046326,0,0,0.280000001192093,1.74000000953674,0,0,10,139,744,2188,false,1,528,547,Wednesday,4
4020332650,2016-04-20,0,0,0,0,0,0,0,0,0,0,0,1440,1980,false,,,,Wednesday,4
1844505072,2016-04-20,8,0.00999999977648258,0.00999999977648258,0,0,0,0.00999999977648258,0,0,0,1,1439,1349,false,,,,Wednesday,4
4445114986,2016-04-20,2072,1.38999998569489,1.38999998569489,0,0,0,1.38999998569489,0,0,0,137,841,1974,false,1,439,462,Wednesday,4
6290855005,2016-04-20,6361,4.80999994277954,4.80999994277954,0,0,0,4.80000019073486,0.00999999977648258,0,0,258,1182,2701,false,,,,Wednesday,4
8583815059,2016-04-20,5273,4.1100001335144,4.1100001335144,0,0,1.03999996185303,3.0699999332428,0,0,27,167,1246,2647,false,,,,Wednesday,4
1624580081,2016-04-20,4974,3.23000001907349,3.23000001907349,0,0,0,3.23000001907349,0,0,0,151,1289,1446,false,,,,Wednesday,4
4558609924,2016-04-20,4803,3.17000007629395,3.17000007629395,0,0,0,3.17000007629395,0,0,0,222,1218,1788,false,,,,Wednesday,4
2320127002,2016-04-20,7192,4.84999990463257,4.84999990463257,0,0,0.490000009536743,4.34000015258789,0,0,11,283,1146,1922,false,,,,Wednesday,4
4319703577,2016-04-20,8954,6.01000022888184,6.01000022888184,0,0,0.680000007152557,5.30999994277954,0,0,18,306,671,2220,false,1,523,543,Wednesday,4
1927972279,2016-04-20,0,0,0,0,0,0,0,0,0,0,0,1440,2063,false,,,,Wednesday,4
5553957443,2016-04-20,2713,1.76999998092651,1.76999998092651,0,0,0,1.76999998092651,0,0,0,148,598,1570,false,1,658,678,Wednesday,4
3977333714,2016-04-21,6093,4.07999992370605,4.07999992370605,0,0,0,4.05999994277954,0,0,0,242,712,1397,false,1,332,512,Thursday,5
2026352035,2016-04-21,2467,1.52999997138977,1.52999997138977,0,0,0,1.52999997138977,0,0,0,153,749,1370,false,1,477,514,Thursday,5
6775888955,2016-04-21,0,0,0,0,0,0,0,0,0,0,0,1440,1841,false,,,,Thursday,5
1644430081,2016-04-21,1223,0.889999985694885,0.889999985694885,0,0,0,0.879999995231628,0.00999999977648258,0,0,38,1402,2140,false,,,,Thursday,5
6290855005,2016-04-21,0,0,0,0,0,0,0,0,0,0,0,1440,2060,false,,,,Thursday,5
4020332650,2016-04-21,0,0,0,0,0,0,0,0,0,0,0,1440,1980,false,,,,Thursday,5
1927972279,2016-04-21,0,0,0,0,0,0,0,0,0,0,0,1440,2064,false,,,,Thursday,5
1624580081,2016-04-21,6349,4.13000011444092,4.13000011444092,0,0,0,4.1100001335144,0.0199999995529652,0,0,186,1254,1467,false,,,,Thursday,5
4319703577,2016-04-21,3702,2.48000001907349,2.48000001907349,0,0,0,0.349999994039536,0,0,0,34,1265,1792,false,1,59,65,Thursday,5
8792009665,2016-04-21,144,0.0900000035762787,0.0900000035762787,0,0,0,0.0900000035762787,0,0,0,9,1431,1720,false,,,,Thursday,5
4445114986,2016-04-21,3809,2.55999994277954,2.55999994277954,0,0,0,2.53999996185303,0,0,0,215,756,2150,false,1,436,469,Thursday,5
4020332650,2016-04-22,0,0,0,0,0,0,0,0,0,0,0,1440,1980,false,,,,Friday,6
4702921684,2016-04-22,1664,1.35000002384186,1.35000002384186,0,0,0,1.35000002384186,0,0,0,72,1341,2241,false,,,,Friday,6
6775888955,2016-04-22,637,0.46000000834465,0.46000000834465,0,0,0,0.46000000834465,0,0,0,20,1420,1922,false,,,,Friday,6
1927972279,2016-04-22,149,0.100000001490116,0.100000001490116,0,0,0,0.100000001490116,0,0,0,10,1430,2093,false,,,,Friday,6
1844505072,2016-04-22,5372,3.54999995231628,3.54999995231628,0,0,0,3.54999995231628,0,0,0,220,1220,1827,false,,,,Friday,6
2320127002,2016-04-22,5583,3.75999999046326,3.75999999046326,0,0,0,3.75999999046326,0,0,0,266,1174,1851,false,,,,Friday,6
6290855005,2016-04-22,6238,4.71999979019165,4.71999979019165,0,0,0,4.71999979019165,0,0,0,302,1138,2796,false,,,,Friday,6
8253242879,2016-04-22,2824,1.87000000476837,1.87000000476837,0,0,0,1.87000000476837,0,0,0,120,1320,1651,false,,,,Friday,6
6117666160,2016-04-22,8206,6.19999980926514,6.19999980926514,0,0,0,6.19999980926514,0,0,0,402,413,2409,false,1,480,546,Friday,6
4445114986,2016-04-22,6831,4.57999992370605,4.57999992370605,0,0,0,4.57999992370605,0,0,0,317,706,2432,false,1,388,417,Friday,6
2026352035,2016-04-22,2915,1.80999994277954,1.80999994277954,0,0,0,1.80999994277954,0,0,0,162,712,1399,false,1,520,545,Friday,6
3372868164,2016-04-22,3843,2.61999988555908,2.61999988555908,0,0,0,2.60999989509583,0.00999999977648258,0,0,206,1234,1669,false,,,,Friday,6
1644430081,2016-04-22,3673,2.67000007629395,2.67000007629395,0,0,0,2.66000008583069,0.00999999977648258,0,0,86,1354,2344,false,,,,Friday,6
1624580081,2016-04-22,4026,2.61999988555908,2.61999988555908,0,0,0,2.59999990463257,0,0,0,199,1241,1470,false,,,,Friday,6
1844505072,2016-04-23,3570,2.35999989509583,2.35999989509583,0,0,0,2.35999989509583,0,0,0,139,1301,1645,false,,,,Saturday,7
2026352035,2016-04-23,12357,7.71000003814697,7.71000003814697,0,0,0,7.71000003814697,0,0,0,432,458,1916,false,1,522,554,Saturday,7
4319703577,2016-04-23,4935,3.30999994277954,3.30999994277954,0,0,0,3.30999994277954,0,0,0,233,546,1945,false,1,692,722,Saturday,7
4445114986,2016-04-23,4363,2.9300000667572,2.9300000667572,0,0,0,2.9300000667572,0,0,0,201,1239,2149,false,,,,Saturday,7
7086361926,2016-04-23,2817,1.80999994277954,1.80999994277954,0,0,0,1.79999995231628,0,0,0,90,1350,1965,false,,,,Saturday,7
1644430081,2016-04-23,6637,4.82999992370605,4.82999992370605,0,0,0.579999983310699,4.25,0,0,15,160,1265,2677,false,,,,Saturday,7
3977333714,2016-04-23,12058,8.06999969482422,8.06999969482422,0,0,4.21999979019165,3.84999990463257,0,0,92,252,724,1638,false,1,235,372,Saturday,7
5553957443,2016-04-23,4112,2.69000005722046,2.69000005722046,0,0,0,2.6800000667572,0,0,0,272,443,1776,false,2,631,725,Saturday,7
1624580081,2016-04-23,8538,5.55000019073486,5.55000019073486,0,0,0,5.53999996185303,0.00999999977648258,0,0,227,1213,1562,false,,,,Saturday,7
1927972279,2016-04-23,2945,2.03999996185303,2.03999996185303,0,0,0,2.03999996185303,0,0,0,145,1295,2499,false,,,,Saturday,7
6775888955,2016-04-23,0,0,0,0,0,0,0,0,0,0,0,1440,1841,false,,,,Saturday,7
2022484408,2016-04-23,6001,4.21000003814697,4.21000003814697,0,0,0,4.21000003814697,0,0,0,249,1191,2069,false,,,,Saturday,7
6117666160,2016-04-23,11495,8.68000030517578,8.68000030517578,0,0,0,8.68000030517578,0,0,0,512,468,2651,false,1,492,539,Saturday,7
4020332650,2016-04-23,0,0,0,0,0,0,0,0,0,0,0,1440,1980,false,,,,Saturday,7
6290855005,2016-04-23,0,0,0,0,0,0,0,0,33,0,0,1407,2664,false,,,,Saturday,7
8877689391,2016-04-23,11200,7.42999982833862,7.42999982833862,0,0,0,7.40000009536743,0.00999999977648258,102,6,300,1032,3891,false,,,,Saturday,7
2320127002,2016-04-23,5079,3.42000007629395,3.42000007629395,0,0,0,3.42000007629395,0,0,0,242,1129,1804,false,1,61,69,Saturday,7
2320127002,2016-04-24,4165,2.80999994277954,2.80999994277954,0,0,0,2.79999995231628,0,0,0,204,1236,1725,false,,,,Sunday,1
4445114986,2016-04-24,5002,3.35999989509583,3.35999989509583,0,0,0,3.35999989509583,0,0,0,244,1196,2247,false,,,,Sunday,1
6962181067,2016-04-24,5029,3.3199999332428,3.3199999332428,0,0,0,3.3199999332428,0,0,0,199,720,1705,false,1,511,514,Sunday,1
7086361926,2016-04-24,3520,2.16000008583069,2.16000008583069,0,0,0,2.15000009536743,0,0,0,125,566,2049,false,1,681,704,Sunday,1
2347167796,2016-04-24,9471,6.26000022888184,6.26000022888184,0,0,0,6.26000022888184,0,0,0,360,584,2187,false,1,442,459,Sunday,1
4558609924,2016-04-24,8563,5.65999984741211,5.65999984741211,0,0,0,5.65000009536743,0,0,0,395,1045,2173,false,,,,Sunday,1
4020332650,2016-04-24,0,0,0,0,0,0,0,0,0,0,0,1440,1980,false,,,,Sunday,1
6117666160,2016-04-24,7623,5.76000022888184,5.76000022888184,0,0,0,5.76000022888184,0,0,0,362,711,2305,false,1,353,367,Sunday,1
2026352035,2016-04-24,3490,2.16000008583069,2.16000008583069,0,0,0,2.16000008583069,0,0,0,164,704,1401,false,1,555,591,Sunday,1
1644430081,2016-04-24,3321,2.41000008583069,2.41000008583069,0,0,0,2.41000008583069,0,0,0,89,1351,2413,false,,,,Sunday,1
7007744171,2016-04-24,11085,7.42000007629395,7.42000007629395,0,0,0,7.42000007629395,0,0,0,419,1021,2667,false,,,,Sunday,1
1844505072,2016-04-24,0,0,0,0,0,0,0,0,0,0,0,1440,1347,false,,,,Sunday,1
8378563200,2016-04-24,3703,2.94000005722046,2.94000005722046,0,0,0,2.94000005722046,0,0,0,135,734,2741,false,1,458,492,Sunday,1
6290855005,2016-04-24,5896,4.46000003814697,4.46000003814697,0,0,0,4.46000003814697,0,0,0,258,1182,2703,false,,,,Sunday,1
5553957443,2016-04-24,1807,1.17999994754791,1.17999994754791,0,0,0,1.17999994754791,0,0,0,104,582,1507,false,2,553,640,Sunday,1
3372868164,2016-04-25,5995,4.09000015258789,4.09000015258789,0,0,0,4.09000015258789,0,0,0,416,1024,2010,false,,,,Monday,2
2873212765,2016-04-25,7373,4.94999980926514,4.94999980926514,0,0,0,4.94999980926514,0,0,0,359,1081,1907,false,,,,Monday,2
1927972279,2016-04-25,152,0.109999999403954,0.109999999403954,0,0,0,0.109999999403954,0,0,0,12,1303,2100,false,,,,Monday,2
4319703577,2016-04-25,9259,6.21000003814697,6.21000003814697,0,0,0.280000001192093,5.92999982833862,0,0,8,390,544,2314,false,1,488,506,Monday,2
2026352035,2016-04-25,6017,3.73000001907349,3.73000001907349,0,0,0,3.73000001907349,0,0,0,260,821,1576,false,1,506,531,Monday,2
6117666160,2016-04-25,0,0,0,0,0,0,0,0,0,0,0,1440,1497,false,,,,Monday,2
4445114986,2016-04-25,3385,2.26999998092651,2.26999998092651,0,0,0,2.26999998092651,0,0,0,179,916,2070,false,1,328,345,Monday,2
1844505072,2016-04-25,0,0,0,0,0,0,0,0,0,0,0,1440,1347,false,,,,Monday,2
1624580081,2016-04-25,6497,4.21999979019165,4.21999979019165,0,0,0,4.19999980926514,0.0199999995529652,0,0,202,1238,1492,false,,,,Monday,2
4020332650,2016-04-25,0,0,0,0,0,0,0,0,0,0,0,1440,1980,false,,,,Monday,2
8792009665,2016-04-25,0,0,0,0,0,0,0,0,0,0,0,1440,1688,false,,,,Monday,2
6117666160,2016-04-26,9543,7.21000003814697,7.21000003814697,0,0,0.340000003576279,6.86999988555908,0,0,7,352,1077,2450,false,,,,Tuesday,3
2347167796,2016-04-26,5980,3.95000004768372,3.95000004768372,0,0,0,3.95000004768372,0,0,0,227,732,1861,false,1,436,490,Tuesday,3
8792009665,2016-04-26,1321,0.850000023841858,0.850000023841858,0,0,0,0.850000023841858,0,0,0,80,1360,1928,false,,,,Tuesday,3
1624580081,2016-04-26,2826,1.8400000333786,1.8400000333786,0,0,0,1.83000004291534,0.00999999977648258,0,0,140,1300,1402,false,,,,Tuesday,3
6290855005,2016-04-26,0,0,0,0,0,0,0,0,0,0,0,1440,2060,false,,,,Tuesday,3
2026352035,2016-04-26,5933,3.6800000667572,3.6800000667572,0,0,0,3.6800000667572,0,0,0,288,1018,1595,false,,,,Tuesday,3
4020332650,2016-04-26,0,0,0,0,0,0,0,0,0,0,0,1440,1980,false,,,,Tuesday,3
2320127002,2016-04-26,3409,2.29999995231628,2.29999995231628,0,0,0,2.29999995231628,0,0,0,147,1293,1632,false,,,,Tuesday,3
1844505072,2016-04-26,0,0,0,0,0,0,0,0,0,0,0,1440,1347,false,,,,Tuesday,3
1927972279,2016-04-26,3761,2.59999990463257,2.59999990463257,0,0,0,2.59999990463257,0,0,0,192,1058,2638,false,1,296,315,Tuesday,3
8792009665,2016-04-27,1758,1.12999999523163,1.12999999523163,0,0,0,1.12999999523163,0,0,0,112,900,2067,false,1,423,428,Wednesday,4
6290855005,2016-04-27,5565,4.21000003814697,4.21000003814697,0,0,0,4.17999982833862,0.0299999993294477,0,0,287,1153,2743,false,,,,Wednesday,4
6775888955,2016-04-27,0,0,0,0,0,0,0,0,0,0,0,1440,1841,false,,,,Wednesday,4
2320127002,2016-04-27,1715,1.1599999666214,1.1599999666214,0,0,0,1.1599999666214,0,0,0,82,1358,1481,false,,,,Wednesday,4
2026352035,2016-04-27,6088,3.76999998092651,3.76999998092651,0,0,0,3.76999998092651,0,0,0,286,586,1593,false,1,508,545,Wednesday,4
1644430081,2016-04-27,3032,2.20000004768372,2.20000004768372,0,0,0,2.20000004768372,0,0,0,118,1322,2489,false,,,,Wednesday,4
2873212765,2016-04-27,3516,2.35999989509583,2.35999989509583,0,0,0,2.35999989509583,0,46,0,197,1197,1966,false,,,,Wednesday,4
6117666160,2016-04-27,9411,7.1100001335144,7.1100001335144,0,0,0,7.1100001335144,0,0,0,458,417,2576,false,1,542,557,Wednesday,4
4020332650,2016-04-27,0,0,0,0,0,0,0,0,0,0,0,1440,1980,false,,,,Wednesday,4
1844505072,2016-04-27,4,0,0,0,0,0,0,0,0,0,1,1439,1348,false,,,,Wednesday,4
3977333714,2016-04-27,7193,5.03999996185303,5.03999996185303,0,0,0.419999986886978,4.61999988555908,0,0,10,176,714,1377,false,1,349,540,Wednesday,4
1927972279,2016-04-27,0,0,0,0,0,0,0,0,0,0,0,1440,2063,false,,,,Wednesday,4
2026352035,2016-04-28,6375,3.95000004768372,3.95000004768372,0,0,0,3.95000004768372,0,0,0,331,626,1649,false,1,513,545,Thursday,5
6117666160,2016-04-28,3403,2.59999990463257,2.59999990463257,0,0,0,2.59999990463257,0,0,0,141,758,1879,false,1,393,416,Thursday,5
8583815059,2016-04-28,6174,4.82000017166138,4.82000017166138,0,0,1.20000004768372,3.60999989509583,0,0,28,203,1209,2757,false,,,,Thursday,5
1844505072,2016-04-28,6907,4.57000017166138,4.57000017166138,0,0,0,4.55999994277954,0,0,0,302,1138,1992,false,,,,Thursday,5
8792009665,2016-04-28,6157,3.94000005722046,3.94000005722046,0,0,0,3.94000005722046,0,0,0,310,714,2780,false,1,402,416,Thursday,5
6290855005,2016-04-28,5731,4.32999992370605,4.32999992370605,0,0,0,4.32999992370605,0,0,0,255,1185,2687,false,,,,Thursday,5
1624580081,2016-04-28,2759,1.78999996185303,1.78999996185303,0,0,0.200000002980232,1.60000002384186,0,0,5,115,1320,1401,false,,,,Thursday,5
3372868164,2016-04-28,5512,3.75999999046326,3.75999999046326,0,0,0,3.75999999046326,0,0,0,385,1055,1972,false,,,,Thursday,5
2320127002,2016-04-28,1532,1.02999997138977,1.02999997138977,0,0,0,1.02999997138977,0,0,0,76,1364,1473,false,,,,Thursday,5
4445114986,2016-04-28,4493,3.00999999046326,3.00999999046326,0,0,0,3.00999999046326,0,0,0,236,762,2203,false,1,419,442,Thursday,5
2347167796,2016-04-28,5439,3.59999990463257,3.59999990463257,0,0,0,3.59999990463257,0,0,0,229,764,1854,false,1,408,450,Thursday,5
4020332650,2016-04-28,0,0,0,0,0,0,0,0,0,0,0,1440,1980,false,,,,Thursday,5
1927972279,2016-04-28,1675,1.1599999666214,1.1599999666214,0,0,0,1.1599999666214,0,0,0,95,1167,2351,false,1,166,178,Thursday,5
1624580081,2016-04-29,2390,1.54999995231628,1.54999995231628,0,0,0,1.54999995231628,0,0,0,150,1290,1404,false,,,,Friday,6
2347167796,2016-04-29,42,0.0299999993294477,0.0299999993294477,0,0,0,0.0299999993294477,0,0,0,4,2,403,false,1,411,473,Friday,6
6117666160,2016-04-29,9592,7.23999977111816,7.23999977111816,0,0,0,7.23999977111816,0,0,0,461,479,2560,false,1,600,636,Friday,6
4445114986,2016-04-29,4676,3.14000010490417,3.14000010490417,0,0,0,3.13000011444092,0,0,0,226,1106,2196,false,1,106,108,Friday,6
6290855005,2016-04-29,0,0,0,0,0,0,0,0,0,0,0,1440,2060,false,,,,Friday,6
2320127002,2016-04-29,924,0.620000004768372,0.620000004768372,0,0,0,0.620000004768372,0,0,0,45,1395,1410,false,,,,Friday,6
2026352035,2016-04-29,7604,4.71000003814697,4.71000003814697,0,0,0,4.71000003814697,0,0,0,352,492,1692,false,1,490,510,Friday,6
3372868164,2016-04-29,9135,6.23000001907349,6.23000001907349,0,0,0,6.21999979019165,0.00999999977648258,0,0,402,1038,2044,false,,,,Friday,6
4020332650,2016-04-29,0,0,0,0,0,0,0,0,0,0,0,1440,1980,false,,,,Friday,6
6775888955,2016-04-29,0,0,0,0,0,0,0,0,0,0,0,1440,1841,false,,,,Friday,6
1927972279,2016-04-29,0,0,0,0,0,0,0,0,0,0,0,1440,2063,false,,,,Friday,6
1644430081,2016-04-29,3176,2.30999994277954,2.30999994277954,0,0,0,2.30999994277954,0,0,0,120,1193,2498,false,1,119,127,Friday,6
1844505072,2016-04-29,4920,3.25,3.25,0,0,0,3.25,0,0,0,247,1082,1856,false,,,,Friday,6
5553957443,2016-04-30,1202,0.779999971389771,0.779999971389771,0,0,0,0.779999971389771,0,0,0,84,506,1463,false,2,775,843,Saturday,7
4445114986,2016-04-30,6222,4.17999982833862,4.17999982833862,0,0,0,4.17999982833862,0,0,0,290,797,2363,false,1,322,353,Saturday,7
4020332650,2016-04-30,0,0,0,0,0,0,0,0,0,0,0,1440,1980,false,,,,Saturday,7
1927972279,2016-04-30,0,0,0,0,0,0,0,0,0,0,0,1440,2064,false,,,,Saturday,7
2026352035,2016-04-30,4729,2.9300000667572,2.9300000667572,0,0,0,2.9300000667572,0,0,0,233,594,1506,false,1,573,607,Saturday,7
8378563200,2016-04-30,2946,2.33999991416931,2.33999991416931,0,0,0,2.33999991416931,0,0,0,121,780,2660,false,1,468,555,Saturday,7
6117666160,2016-04-30,6987,5.28000020980835,5.28000020980835,0,0,0,5.28000020980835,0,0,0,343,1040,2275,false,,,,Saturday,7
7007744171,2016-04-30,3761,2.51999998092651,2.51999998092651,0,0,0,2.51999998092651,0,0,0,200,1240,2051,false,,,,Saturday,7
6290855005,2016-04-30,6744,5.09999990463257,5.09999990463257,0,0,0,5.09000015258789,0.00999999977648258,0,0,324,1116,2843,false,,,,Saturday,7
1844505072,2016-04-30,4014,2.67000007629395,2.67000007629395,0,0,0,2.65000009536743,0,0,0,184,218,1763,false,1,722,961,Saturday,7
8253242879,2016-04-30,0,0,0,0,0,0,0,0,0,0,0,1440,0,true,,,,Saturday,7
2320127002,2016-04-30,4571,3.07999992370605,3.07999992370605,0,0,0,3.0699999332428,0,0,0,234,1206,1779,false,,,,Saturday,7
4558609924,2016-05-01,3428,2.26999998092651,2.26999998092651,0,0,0,2.26999998092651,0,0,0,190,1121,1692,false,1,115,129,Sunday,1
1844505072,2016-05-01,2573,1.70000004768372,1.70000004768372,0,0,0.259999990463257,1.45000004768372,0,0,7,75,585,1541,false,1,590,961,Sunday,1
4445114986,2016-05-01,5232,3.50999999046326,3.50999999046326,0,0,0,3.50999999046326,0,0,0,240,741,2246,false,2,439,459,Sunday,1
6962181067,2016-05-01,5454,3.60999989509583,3.60999989509583,0,0,0,3.60999989509583,0,0,0,215,722,1740,false,1,411,426,Sunday,1
2320127002,2016-05-01,772,0.519999980926514,0.519999980926514,0,0,0,0.519999980926514,0,0,0,40,1400,1403,false,,,,Sunday,1
2026352035,2016-05-01,3609,2.27999997138977,2.27999997138977,0,0,0,2.27999997138977,0,0,0,191,716,1447,false,1,527,546,Sunday,1
4319703577,2016-05-01,1251,0.839999973773956,0.839999973773956,0,0,0,0.839999973773956,0,0,0,67,836,1593,false,1,484,500,Sunday,1
3372868164,2016-05-01,3077,2.09999990463257,2.09999990463257,0,0,0,2.08999991416931,0,0,0,172,842,1237,false,,,,Sunday,1
8792009665,2016-05-01,1619,1.03999996185303,1.03999996185303,0,0,0,1.03999996185303,0,0,0,79,834,1962,false,1,503,527,Sunday,1
6117666160,2016-05-01,8915,6.73000001907349,6.73000001907349,0,0,0,6.73000001907349,0,0,0,397,525,2361,false,1,507,575,Sunday,1
4020332650,2016-05-01,0,0,0,0,0,0,0,0,0,0,0,1440,1980,false,,,,Sunday,1
4702921684,2016-05-01,0,0,0,0,0,0,0,0,0,0,0,1440,2017,false,,,,Sunday,1
7007744171,2016-05-01,5600,3.75,3.75,0,0,0,3.75,0,0,0,237,1142,2225,false,1,58,61,Sunday,1
5553957443,2016-05-01,5164,3.36999988555908,3.36999988555908,0,0,0,3.36999988555908,0,0,0,237,436,1747,false,2,622,686,Sunday,1
8053475328,2016-05-01,1170,0.850000023841858,0.850000023841858,0,0,0,0.850000023841858,0,0,0,51,1389,1886,false,,,,Sunday,1
8877689391,2016-05-02,4790,3.64000010490417,3.64000010490417,0,0,0,3.55999994277954,0,0,0,105,1335,2189,false,,,,Monday,2
8583815059,2016-05-02,8469,6.6100001335144,6.6100001335144,0,0,0,0,0,0,0,0,1440,2894,false,,,,Monday,2
1844505072,2016-05-02,0,0,0,0,0,0,0,0,0,0,0,1440,1348,false,,,,Monday,2
4319703577,2016-05-02,9261,6.23999977111816,6.23999977111816,0,0,0.439999997615814,5.71000003814697,0,0,11,344,585,2270,false,1,478,506,Monday,2
4020332650,2016-05-02,475,0.340000003576279,0.340000003576279,0,0,0.0399999991059303,0.28999999165535,0,0,11,31,1350,2207,false,,,,Monday,2
8053475328,2016-05-02,1969,1.42999994754791,1.42999994754791,0,0,0,1.42999994754791,0,0,0,95,1345,1988,false,,,,Monday,2
6775888955,2016-05-02,0,0,0,0,0,0,0,0,0,0,0,1440,1841,false,,,,Monday,2
6117666160,2016-05-02,4933,3.73000001907349,3.73000001907349,0,0,0,3.73000001907349,0,0,0,236,1204,2044,false,,,,Monday,2
6290855005,2016-05-02,6781,5.13000011444092,5.13000011444092,0,0,0,5.1100001335144,0.0199999995529652,0,0,268,1172,2725,false,,,,Monday,2
2026352035,2016-05-02,7018,4.34999990463257,4.34999990463257,0,0,0,4.34999990463257,0,0,0,355,716,1690,false,1,511,543,Monday,2
4558609924,2016-05-02,7891,5.21999979019165,5.21999979019165,0,0,0,5.21999979019165,0,0,0,383,1057,2066,false,,,,Monday,2
2873212765,2016-05-02,7525,5.05999994277954,5.05999994277954,0,0,0.209999993443489,4.82999992370605,0.0199999995529652,0,7,334,1099,1878,false,,,,Monday,2
8792009665,2016-05-02,1831,1.16999995708466,1.16999995708466,0,0,0,1.16999995708466,0,0,0,101,916,2015,false,1,415,423,Monday,2
4702921684,2016-05-03,9454,7.67000007629395,7.67000007629395,0,0,0,7.67000007629395,0,0,0,313,729,3145,false,1,327,373,Tuesday,3
1844505072,2016-05-03,4059,2.6800000667572,2.6800000667572,0,0,0,2.6800000667572,0,0,0,184,1256,1742,false,,,,Tuesday,3
8583815059,2016-05-03,12015,9.36999988555908,9.36999988555908,0,0,0,0,0,0,0,0,1440,3212,false,,,,Tuesday,3
6117666160,2016-05-03,0,0,0,0,0,0,0,0,0,0,0,1440,1496,false,,,,Tuesday,3
6775888955,2016-05-03,9,0.00999999977648258,0.00999999977648258,0,0,0,0.00999999977648258,0,0,0,1,1439,1843,false,,,,Tuesday,3
4020332650,2016-05-03,4496,3.22000002861023,3.22000002861023,0,0,0,3.15000009536743,0.0500000007450581,0,0,174,950,2828,false,1,322,332,Tuesday,3
8792009665,2016-05-03,2421,1.54999995231628,1.54999995231628,0,0,0,1.54999995231628,0,0,0,156,739,2297,false,1,516,545,Tuesday,3
2026352035,2016-05-03,5992,3.72000002861023,3.72000002861023,0,0,0,3.72000002861023,0,0,0,304,981,1604,false,,,,Tuesday,3
1624580081,2016-05-03,2100,1.37000000476837,1.37000000476837,0,0,0,1.3400000333786,0.0199999995529652,0,0,96,1344,1334,false,,,,Tuesday,3
6290855005,2016-05-03,6047,4.57000017166138,4.57000017166138,0,0,0,4.57000017166138,0,0,0,240,1200,2671,false,,,,Tuesday,3
8583815059,2016-05-04,3588,2.79999995231628,2.79999995231628,0,0,0,0,0,0,0,0,1440,2516,false,,,,Wednesday,4
6775888955,2016-05-04,0,0,0,0,0,0,0,0,0,0,0,1440,1841,false,,,,Wednesday,4
1844505072,2016-05-04,2080,1.37000000476837,1.37000000476837,0,0,0,1.37000000476837,0,0,0,87,1353,1549,false,,,,Wednesday,4
4445114986,2016-05-04,2923,1.96000003814697,1.96000003814697,0,0,0,1.96000003814697,0,0,0,180,897,2070,false,2,337,363,Wednesday,4
8792009665,2016-05-04,2283,1.46000003814697,1.46000003814697,0,0,0,1.46000003814697,0,0,0,129,848,2067,false,1,439,463,Wednesday,4
6290855005,2016-05-04,5832,4.40999984741211,4.40999984741211,0,0,0,4.40000009536743,0.00999999977648258,0,0,272,1168,2718,false,,,,Wednesday,4
2320127002,2016-05-04,1201,0.810000002384186,0.810000002384186,0,0,0,0.810000002384186,0,0,0,52,1388,1426,false,,,,Wednesday,4
5553957443,2016-05-04,4249,2.76999998092651,2.76999998092651,0,0,0,2.76999998092651,0,0,0,224,651,1698,false,1,447,470,Wednesday,4
6117666160,2016-05-04,2997,2.25999999046326,2.25999999046326,0,0,0,2.25999999046326,0,0,0,156,1279,1902,false,,,,Wednesday,4
7007744171,2016-05-04,0,0,0,0,0,0,0,0,0,0,0,1440,1557,false,,,,Wednesday,4
1927972279,2016-05-04,1786,1.24000000953674,1.24000000953674,0,0,0,1.24000000953674,0,0,0,87,1353,2338,false,,,,Wednesday,4
1644430081,2016-05-04,2309,1.67999994754791,1.67999994754791,0,0,0,1.6599999666214,0.0199999995529652,0,0,52,1388,2222,false,,,,Wednesday,4
2026352035,2016-05-04,6564,4.07000017166138,4.07000017166138,0,0,0,4.07000017166138,0,0,0,345,530,1658,false,1,538,560,Wednesday,4
1624580081,2016-05-04,2193,1.42999994754791,1.42999994754791,0,0,0,1.41999995708466,0,0,0,118,1322,1368,false,,,,Wednesday,4
2873212765,2016-05-04,8278,5.55999994277954,5.55999994277954,0,0,0,5.55999994277954,0,0,0,420,1020,2015,false,,,,Wednesday,4
4558609924,2016-05-04,5232,3.46000003814697,3.46000003814697,0,0,0,3.46000003814697,0,0,0,252,1188,1842,false,,,,Wednesday,4
2320127002,2016-05-05,5202,3.50999999046326,3.50999999046326,0,0,0.389999985694885,3.10999989509583,0,0,11,223,1206,1780,false,,,,Thursday,5
8583815059,2016-05-05,12427,9.6899995803833,9.6899995803833,0,0,0,1.17999994754791,0,0,0,70,1370,3266,false,,,,Thursday,5
8792009665,2016-05-05,0,0,0,0,0,0,0,0,0,0,0,1440,1688,false,,,,Thursday,5
6775888955,2016-05-05,0,0,0,0,0,0,0,0,0,0,0,1440,1841,false,,,,Thursday,5
1624580081,2016-05-05,2470,1.61000001430511,1.61000001430511,0,0,0,1.58000004291534,0.0199999995529652,0,0,117,1323,1370,false,,,,Thursday,5
1927972279,2016-05-05,0,0,0,0,0,0,0,0,0,0,0,1440,2063,false,,,,Thursday,5
2026352035,2016-05-05,12167,7.53999996185303,7.53999996185303,0,0,0,7.53999996185303,0,0,0,475,479,1926,false,1,468,485,Thursday,5
6290855005,2016-05-05,6339,4.78999996185303,4.78999996185303,0,0,0,4.78999996185303,0,0,0,239,1201,2682,false,,,,Thursday,5
6117666160,2016-05-05,9799,7.40000009536743,7.40000009536743,0,0,0,7.40000009536743,0,0,0,487,479,2636,false,1,392,415,Thursday,5
1844505072,2016-05-05,2237,1.48000001907349,1.48000001907349,0,0,0,1.48000001907349,0,0,0,120,1320,1589,false,,,,Thursday,5
4020332650,2016-05-06,4369,3.13000011444092,3.13000011444092,0,0,0,3.09999990463257,0.00999999977648258,0,0,177,855,2704,false,1,385,408,Friday,6
1624580081,2016-05-06,1727,1.12000000476837,1.12000000476837,0,0,0,1.12000000476837,0.00999999977648258,0,0,102,1338,1341,false,,,,Friday,6
6962181067,2016-05-06,5908,3.91000008583069,3.91000008583069,0,0,0,3.91000008583069,0,0,0,299,717,1850,false,1,443,462,Friday,6
6117666160,2016-05-06,3365,2.6800000667572,2.6800000667572,0,0,0,2.6800000667572,0,0,0,133,673,1838,false,2,658,698,Friday,6
2320127002,2016-05-06,4878,3.28999996185303,3.28999996185303,0,0,0,3.28999996185303,0,0,0,204,1236,1742,false,,,,Friday,6
1927972279,2016-05-06,2091,1.45000004768372,1.45000004768372,0,0,0,1.45000004768372,0,0,0,108,1332,2383,false,,,,Friday,6
8792009665,2016-05-06,0,0,0,0,0,0,0,0,0,0,0,1440,1688,false,,,,Friday,6
4445114986,2016-05-06,4514,3.02999997138977,3.02999997138977,0,0,0,3.02999997138977,0,0,0,229,809,2211,false,2,374,402,Friday,6
1844505072,2016-05-06,44,0.0299999993294477,0.0299999993294477,0,0,0,0.0299999993294477,0,0,0,2,1438,1351,false,,,,Friday,6
4558609924,2016-05-06,3755,2.48000001907349,2.48000001907349,0,0,0,2.48000001907349,0,0,0,202,1238,1722,false,,,,Friday,6
6290855005,2016-05-06,6116,4.61999988555908,4.61999988555908,0,0,0,4.59000015258789,0.0299999993294477,0,0,305,1135,2806,false,,,,Friday,6
2873212765,2016-05-06,7063,4.75,4.75,0,0,0.119999997317791,4.6100001335144,0.00999999977648258,0,5,370,1065,1910,false,,,,Friday,6
2026352035,2016-05-06,8198,5.07999992370605,5.07999992370605,0,0,0,5.07999992370605,0,0,0,383,511,1736,false,1,524,548,Friday,6
2320127002,2016-05-07,7379,4.96999979019165,4.96999979019165,0,0,0,4.96999979019165,0,0,0,319,1121,1972,false,,,,Saturday,7
6962181067,2016-05-07,6815,4.5,4.5,0,0,0,4.5,0,0,0,328,745,1947,false,1,298,334,Saturday,7
3977333714,2016-05-07,11550,7.73000001907349,7.73000001907349,0,0,4.13000011444092,3.58999991416931,0,0,86,208,703,1574,false,1,237,443,Saturday,7
8378563200,2016-05-07,4468,3.53999996185303,3.53999996185303,0,0,0,3.53999996185303,0,0,0,158,851,2799,false,2,459,513,Saturday,7
6290855005,2016-05-07,5510,4.17000007629395,4.17000007629395,0,0,0,4.15999984741211,0,0,0,227,1213,2613,false,,,,Saturday,7
4020332650,2016-05-07,6132,4.40000009536743,4.40000009536743,0,0,0,3.57999992370605,0,0,0,184,1256,2975,false,,,,Saturday,7
6117666160,2016-05-07,7336,5.53999996185303,5.53999996185303,0,0,0,5.53999996185303,0,0,0,412,456,2469,false,2,498,507,Saturday,7
5577150313,2016-05-07,0,0,0,0,0,0,0,0,0,0,0,1440,1819,false,,,,Saturday,7
1624580081,2016-05-07,2104,1.37000000476837,1.37000000476837,0,0,0,1.37000000476837,0,0,0,182,1258,1474,false,,,,Saturday,7
5553957443,2016-05-07,1868,1.22000002861023,1.22000002861023,0,0,0,1.22000002861023,0,0,0,96,902,1494,false,1,442,470,Saturday,7
2026352035,2016-05-07,4193,2.59999990463257,2.59999990463257,0,0,0,2.59999990463257,0,0,0,229,665,1491,false,1,511,521,Saturday,7
7007744171,2016-05-07,0,0,0,0,0,0,0,0,0,0,0,111,120,false,,,,Saturday,7
1927972279,2016-05-07,1510,1.03999996185303,1.03999996185303,0,0,0,1.03999996185303,0,0,0,48,1392,2229,false,,,,Saturday,7
1844505072,2016-05-07,0,0,0,0,0,0,0,0,0,0,0,1440,1347,false,,,,Saturday,7
8583815059,2016-05-07,6117,4.76999998092651,4.76999998092651,0,0,0,4.76999998092651,0,0,0,250,1190,2810,false,,,,Saturday,7
8792009665,2016-05-07,0,0,0,0,0,0,0,0,0,0,0,1440,1688,false,,,,Saturday,7
1644430081,2016-05-08,6724,4.8899998664856,4.8899998664856,0,0,0,4.88000011444092,0,0,0,295,991,2987,false,1,137,154,Sunday,1
2320127002,2016-05-08,5161,3.48000001907349,3.48000001907349,0,0,0,3.47000002861023,0,0,0,247,1193,1821,false,,,,Sunday,1
1927972279,2016-05-08,0,0,0,0,0,0,0,0,0,0,0,1440,2063,false,,,,Sunday,1
8792009665,2016-05-08,0,0,0,0,0,0,0,0,0,0,0,1440,1688,false,,,,Sunday,1
6290855005,2016-05-08,7706,5.82999992370605,5.82999992370605,0,0,0,5.82000017166138,0,0,0,251,1189,2712,false,,,,Sunday,1
5577150313,2016-05-08,0,0,0,0,0,0,0,0,0,0,0,1440,1819,false,,,,Sunday,1
1844505072,2016-05-08,0,0,0,0,0,0,0,0,0,0,0,1440,1347,false,,,,Sunday,1
4445114986,2016-05-08,7303,4.90000009536743,4.90000009536743,0,0,0.25,4.65000009536743,0,0,8,308,733,2423,false,1,361,391,Sunday,1
2026352035,2016-05-08,5528,3.45000004768372,3.45000004768372,0,0,0,3.45000004768372,0,0,0,258,610,1555,false,1,541,568,Sunday,1
6117666160,2016-05-08,7328,5.53000020980835,5.53000020980835,0,0,0,5.53000020980835,0,0,0,318,517,2250,false,1,555,603,Sunday,1
2022484408,2016-05-08,3292,2.30999994277954,2.30999994277954,0,0,0,2.30999994277954,0,0,0,135,1305,1848,false,,,,Sunday,1
4319703577,2016-05-08,3672,2.46000003814697,2.46000003814697,0,0,0,2.46000003814697,0,0,0,153,603,1792,false,1,602,638,Sunday,1
6962181067,2016-05-08,4188,2.76999998092651,2.76999998092651,0,0,0.519999980926514,2.25,0,0,14,151,709,1659,false,1,541,569,Sunday,1
8378563200,2016-05-08,2943,2.32999992370605,2.32999992370605,0,0,0,2.32999992370605,0,0,0,139,621,2685,false,1,545,606,Sunday,1
1624580081,2016-05-08,3427,2.23000001907349,2.23000001907349,0,0,0,2.22000002861023,0,0,0,152,1288,1427,false,,,,Sunday,1
4020332650,2016-05-08,5862,4.19999980926514,4.19999980926514,0,0,0,4.15000009536743,0,0,0,263,775,3089,false,1,364,402,Sunday,1
4702921684,2016-05-09,8232,6.67999982833862,6.67999982833862,0,0,0.569999992847443,6.09999990463257,0,0,12,253,746,2990,false,1,435,458,Monday,2
1844505072,2016-05-09,0,0,0,0,0,0,0,0,0,0,0,1440,1347,false,,,,Monday,2
2026352035,2016-05-09,10685,6.61999988555908,6.61999988555908,0,0,0,6.59999990463257,0,0,0,401,543,1869,false,1,531,556,Monday,2
2873212765,2016-05-09,7726,5.19000005722046,5.19000005722046,0,0,0,5.19000005722046,0,0,0,345,1095,1906,false,,,,Monday,2
4445114986,2016-05-09,5275,3.53999996185303,3.53999996185303,0,0,0,3.53999996185303,0,0,0,266,641,2281,false,1,457,533,Monday,2
8792009665,2016-05-09,0,0,0,0,0,0,0,0,0,0,0,1440,1688,false,,,,Monday,2
1927972279,2016-05-09,0,0,0,0,0,0,0,0,0,0,0,1440,2063,false,,,,Monday,2
2320127002,2016-05-09,3090,2.07999992370605,2.07999992370605,0,0,0,2.07999992370605,0,0,0,145,1295,1630,false,,,,Monday,2
6117666160,2016-05-09,4477,3.38000011444092,3.38000011444092,0,0,0,3.38000011444092,0,0,0,197,125,1248,false,1,492,522,Monday,2
1624580081,2016-05-09,1732,1.12999999523163,1.12999999523163,0,0,0,1.12999999523163,0,0,0,91,1349,1328,false,,,,Monday,2
6290855005,2016-05-09,6277,4.75,4.75,0,0,0,4.73000001907349,0.0199999995529652,0,0,264,800,2175,false,,,,Monday,2
2320127002,2016-05-10,6227,4.19999980926514,4.19999980926514,0,0,0,4.19999980926514,0,0,0,290,1150,1899,false,,,,Tuesday,3
4020332650,2016-05-10,5546,3.98000001907349,3.98000001907349,0,0,0,3.86999988555908,0.0399999991059303,0,0,206,774,2926,false,1,442,494,Tuesday,3
8792009665,2016-05-10,0,0,0,0,0,0,0,0,0,0,0,48,57,false,,,,Tuesday,3
1927972279,2016-05-10,0,0,0,0,0,0,0,0,0,0,0,1440,2063,false,,,,Tuesday,3
1624580081,2016-05-10,2969,1.92999994754791,1.92999994754791,0,0,0,1.91999995708466,0.00999999977648258,0,0,139,1301,1393,false,,,,Tuesday,3
6290855005,2016-05-10,0,0,0,0,0,0,0,0,0,0,0,1440,0,true,,,,Tuesday,3
1844505072,2016-05-10,0,0,0,0,0,0,0,0,0,0,0,1440,1347,false,,,,Tuesday,3
4445114986,2016-05-10,3915,2.63000011444092,2.63000011444092,0,0,0,2.63000011444092,0,0,0,231,783,2181,false,1,405,426,Tuesday,3
2873212765,2016-05-10,8275,5.55999994277954,5.55999994277954,0,0,0,5.55000019073486,0.00999999977648258,0,0,373,1067,1962,false,,,,Tuesday,3
2026352035,2016-05-10,254,0.159999996423721,0.159999996423721,0,0,0,0.159999996423721,0,0,0,17,1002,1141,false,1,357,380,Tuesday,3
2873212765,2016-05-11,6440,4.32999992370605,4.32999992370605,0,0,0,4.32000017166138,0.00999999977648258,0,0,319,1121,1826,false,,,,Wednesday,4
1624580081,2016-05-11,3134,2.03999996185303,2.03999996185303,0,0,0,2.03999996185303,0,0,0,112,1328,1359,false,,,,Wednesday,4
5553957443,2016-05-11,4926,3.22000002861023,3.22000002861023,0,0,0,3.22000002861023,0,0,0,195,628,1693,false,1,463,486,Wednesday,4
2320127002,2016-05-11,6424,4.32999992370605,4.32999992370605,0,0,0,4.32999992370605,0,0,0,300,1140,1903,false,,,,Wednesday,4
1927972279,2016-05-11,0,0,0,0,0,0,0,0,0,0,0,1440,2063,false,,,,Wednesday,4
2026352035,2016-05-11,8580,5.32000017166138,5.32000017166138,0,0,0,5.32000017166138,0,0,0,330,569,1698,false,1,523,553,Wednesday,4
1644430081,2016-05-11,1329,0.970000028610229,0.970000028610229,0,0,0,0.949999988079071,0.00999999977648258,0,0,49,713,1276,false,,,,Wednesday,4
1844505072,2016-05-11,0,0,0,0,0,0,0,0,0,0,0,1440,1347,false,,,,Wednesday,4
1624580081,2016-05-12,2971,1.92999994754791,1.92999994754791,0,0,0,1.91999995708466,0.00999999977648258,0,0,107,890,1002,false,,,,Thursday,5
1844505072,2016-05-12,0,0,0,0,0,0,0,0,0,0,0,711,665,false,,,,Thursday,5
2873212765,2016-05-12,7566,5.1100001335144,5.1100001335144,0,0,0,5.1100001335144,0,0,0,268,720,1431,false,,,,Thursday,5
4388161847,2016-05-12,3369,2.58999991416931,2.58999991416931,0,0,0,2.58999991416931,0,0,0,108,825,1623,false,,,,Thursday,5
6962181067,2016-05-12,3587,2.36999988555908,2.36999988555908,0,0,0.25,2.10999989509583,0,0,8,105,127,928,false,1,516,535,Thursday,5
4558609924,2016-05-12,6307,4.17000007629395,4.17000007629395,0,0,0,4.17000007629395,0,0,0,247,736,1452,false,,,,Thursday,5
1503960366,2016-05-12,0,0,0,0,0,0,0,0,0,0,0,1440,0,true,,,,Thursday,5
4020332650,2016-05-12,590,0.419999986886978,0.419999986886978,0,0,0,0.409999996423721,0,0,0,21,721,1120,false,,,,Thursday,5
1927972279,2016-05-12,0,0,0,0,0,0,0,0,0,0,0,966,1383,false,,,,Thursday,5
4319703577,2016-05-12,17,0.00999999977648258,0.00999999977648258,0,0,0,0.00999999977648258,0,0,0,2,0,257,false,1,302,321,Thursday,5
4445114986,2016-05-12,768,0.519999980926514,0.519999980926514,0,0,0,0.519999980926514,0,0,0,58,380,1212,false,1,483,501,Thursday,5
2026352035,2016-05-12,8891,5.51000022888184,5.51000022888184,0,0,0,5.51000022888184,0,0,0,343,330,1364,false,1,456,485,Thursday,5
8583815059,2016-05-12,0,0,0,0,0,0,0,0,0,0,0,1440,0,true,,,,Thursday,5
2320127002,2016-05-12,2661,1.78999996185303,1.78999996185303,0,0,0,1.78999996185303,0,0,0,128,830,1125,false,,,,Thursday,5
4702921684,2016-05-12,2752,2.23000001907349,2.23000001907349,0,0,0,2.23000001907349,0,0,0,68,241,1240,false,1,404,442,Thursday,5
4445114986,2016-04-05,4239,2.83999991416931,2.83999991416931,0,0.0599999986588955,0.239999994635582,2.52999997138977,0,1,6,235,702,2217,false,,,,Tuesday,3
2320127002,2016-04-09,4863,3.27999997138977,3.27999997138977,0,0.0599999986588955,0.419999986886978,2.79999995231628,0,1,11,208,1220,1772,false,,,,Saturday,7
4388161847,2016-04-13,10993,8.44999980926514,8.44999980926514,0,0.0599999986588955,0.629999995231628,3.88000011444092,0,1,14,150,1275,3092,false,,,,Wednesday,4
2320127002,2016-04-21,3404,2.28999996185303,2.28999996185303,0,0.0599999986588955,0.419999986886978,1.80999994277954,0,1,10,127,1302,1610,false,,,,Thursday,5
4319703577,2016-04-22,4500,3.01999998092651,3.01999998092651,0,0.0599999986588955,0.810000002384186,2.15000009536743,0,1,19,176,709,1886,false,1,533,550,Friday,6
4319703577,2016-04-24,4081,2.74000000953674,2.74000000953674,0,0.0599999986588955,0.200000002980232,2.47000002861023,0,1,5,191,692,1880,false,1,467,501,Sunday,1
6775888955,2016-04-28,703,0.5,0.5,0,0.0599999986588955,0.200000002980232,0.239999994635582,0,2,13,15,1410,1993,false,,,,Thursday,5
2873212765,2016-05-03,7412,4.98000001907349,4.98000001907349,0,0.0599999986588955,0.25,4.65999984741211,0.00999999977648258,1,6,363,1070,1906,false,,,,Tuesday,3
4558609924,2016-04-03,6176,4.07999992370605,4.07999992370605,0,0.0700000002980232,0.259999990463257,3.75,0,1,7,269,886,1901,false,,,,Sunday,1
6775888955,2016-04-03,1577,1.12999999523163,1.12999999523163,0,0.0700000002980232,0.889999985694885,0.170000001788139,0,1,17,8,1414,1977,false,,,,Sunday,1
7007744171,2016-04-09,10345,6.92000007629395,6.92000007629395,0,0.0700000002980232,0.270000010728836,6.57999992370605,0,2,6,358,1074,2613,false,,,,Saturday,7
4057192912,2016-04-10,3434,2.50999999046326,2.50999999046326,0,0.0700000002980232,0.300000011920929,2.14000010490417,0,1,7,108,1324,2101,false,,,,Sunday,1
7007744171,2016-04-10,10146,6.78999996185303,6.78999996185303,0,0.0700000002980232,0.610000014305115,6.1100001335144,0,1,12,397,1030,2700,false,,,,Sunday,1
3977333714,2016-04-11,3108,2.14000010490417,2.14000010490417,0,0.0700000002980232,0.0399999991059303,1.96000003814697,0,1,1,129,894,1223,false,,,,Monday,2
2347167796,2016-04-15,10465,6.92000007629395,6.92000007629395,0,0.0700000002980232,1.41999995708466,5.42999982833862,0,1,24,284,720,2133,false,1,452,504,Friday,6
4702921684,2016-04-15,6506,5.28000020980835,5.28000020980835,0,0.0700000002980232,0.419999986886978,4.78999996185303,0,1,8,256,944,2896,false,1,253,257,Friday,6
4319703577,2016-04-18,2276,1.54999995231628,1.54999995231628,0,0.0700000002980232,0.330000013113022,1.12000000476837,0,1,9,58,824,1632,false,1,515,551,Monday,2
2873212765,2016-04-18,7762,5.23999977111816,5.23999977111816,0,0.0700000002980232,0.280000001192093,4.8899998664856,0,1,6,311,1122,1890,false,,,,Monday,2
1927972279,2016-04-24,2090,1.45000004768372,1.45000004768372,0,0.0700000002980232,0.239999994635582,1.13999998569489,0,1,6,75,1358,2324,false,,,,Sunday,1
8583815059,2016-04-26,10499,8.1899995803833,8.1899995803833,0,0.0700000002980232,4.21999979019165,3.89000010490417,0,1,91,214,1134,3093,false,,,,Tuesday,3
4702921684,2016-04-26,6108,4.94999980926514,4.94999980926514,0,0.0700000002980232,0.349999994039536,4.53999996185303,0,1,8,216,765,2784,false,1,421,429,Tuesday,3
1644430081,2016-05-02,3758,2.73000001907349,2.73000001907349,0,0.0700000002980232,0.310000002384186,2.34999990463257,0,1,7,148,682,2580,false,1,796,961,Monday,2
3977333714,2016-05-10,13072,8.77999973297119,8.77999973297119,0,0.0700000002980232,5.40000009536743,3.30999994277954,0,1,115,196,676,1630,false,1,312,452,Tuesday,3
2022484408,2016-04-10,10005,7.01999998092651,7.01999998092651,0,0.0799999982118607,1.04999995231628,5.90000009536743,0,1,23,339,1077,2458,false,,,,Sunday,1
4702921684,2016-04-10,11135,9.02999973297119,9.02999973297119,0,0.0799999982118607,1.1599999666214,7.78999996185303,0,1,25,331,528,3224,false,,,,Sunday,1
2347167796,2016-04-17,5472,3.61999988555908,3.61999988555908,0,0.0799999982118607,0.280000001192093,3.25999999046326,0,1,7,249,508,1882,false,1,556,602,Sunday,1
4702921684,2016-05-06,6943,5.63000011444092,5.63000011444092,0,0.0799999982118607,0.660000026226044,4.86999988555908,0,1,16,207,682,2859,false,1,404,449,Friday,6
8877689391,2016-05-07,12332,8.13000011444092,8.13000011444092,0,0.0799999982118607,0.959999978542328,6.98999977111816,0,105,28,271,1036,4142,false,,,,Saturday,7
4702921684,2016-05-10,10613,8.60999965667725,8.60999965667725,0,0.0799999982118607,1.87999999523163,6.65000009536743,0,1,37,262,701,3172,false,1,416,431,Tuesday,3
4057192912,2016-04-08,8426,6.15999984741211,6.15999984741211,0,0.129999995231628,5.48999977111816,0.540000021457672,0,2,120,25,1293,2360,false,,,,Friday,6
5577150313,2016-04-08,4363,3.25999999046326,3.25999999046326,0,0.129999995231628,0.0599999986588955,3.07999992370605,0,8,2,156,813,2486,false,,,,Friday,6
4388161847,2016-04-14,8863,6.82000017166138,6.82000017166138,0,0.129999995231628,1.07000005245209,5.61999988555908,0,10,35,219,945,2998,false,,,,Thursday,5
2873212765,2016-04-21,8859,5.98000001907349,5.98000001907349,0,0.129999995231628,0.370000004768372,5.46999979019165,0.00999999977648258,2,10,371,1057,1970,false,,,,Thursday,5
7007744171,2016-04-23,8093,5.40999984741211,5.40999984741211,0,0.129999995231628,1.12999999523163,4.15000009536743,0,2,25,223,1190,2284,false,,,,Saturday,7
6775888955,2016-05-07,1967,1.4099999666214,1.4099999666214,0,0.129999995231628,0.239999994635582,1.04999995231628,0,2,5,49,551,1032,false,,,,Saturday,7
4319703577,2016-03-30,9043,6.07000017166138,6.07000017166138,0,0.25,0.430000007152557,5.36999988555908,0,4,12,244,702,2141,false,,,,Wednesday,4
4702921684,2016-03-30,7583,6.15000009536743,6.15000009536743,0,0.25,0.550000011920929,5.34999990463257,0,3,13,227,742,2915,false,,,,Wednesday,4
4319703577,2016-03-31,8144,5.46000003814697,5.46000003814697,0,0.25,0.610000014305115,4.6100001335144,0,4,17,247,1125,2129,false,,,,Thursday,5
4702921684,2016-04-03,12116,9.82999992370605,9.82999992370605,0,0.25,2.84999990463257,6.71999979019165,0,3,57,323,471,3357,false,,,,Sunday,1
3977333714,2016-04-18,11663,7.80000019073486,7.80000019073486,0,0.25,3.73000001907349,3.8199999332428,0,4,95,214,605,1584,false,2,412,522,Monday,2
8378563200,2016-04-29,6175,4.90000009536743,4.90000009536743,0,0.25,0.360000014305115,4.26999998092651,0,3,7,172,767,2982,false,1,527,562,Friday,6
4702921684,2016-03-29,6506,5.28000020980835,5.28000020980835,0,0.330000013113022,0.270000010728836,4.67000007629395,0,4,5,241,760,2886,false,,,,Tuesday,3
4702921684,2016-04-06,7605,6.17999982833862,6.17999982833862,0,0.330000013113022,0.209999993443489,5.63000011444092,0,4,4,248,708,2943,false,,,,Wednesday,4
2347167796,2016-04-11,10001,6.6100001335144,6.6100001335144,0,0.330000013113022,2.9300000667572,3.35999989509583,0,5,52,196,788,2009,false,,,,Monday,2
6962181067,2016-04-17,10145,6.71000003814697,6.71000003814697,0,0.330000013113022,0.680000007152557,5.69000005722046,0,5,13,295,634,2027,false,1,427,446,Sunday,1
8253242879,2016-04-20,6466,4.26999998092651,4.26999998092651,0,0.330000013113022,0.819999992847443,3.10999989509583,0.00999999977648258,5,18,216,1201,1931,false,,,,Wednesday,4
8378563200,2016-04-27,7359,5.84000015258789,5.84000015258789,0,0.330000013113022,0.180000007152557,5.32999992370605,0,4,4,192,676,3061,false,1,531,600,Wednesday,4
8792009665,2016-04-30,7174,4.59000015258789,4.59000015258789,0,0.330000013113022,0.360000014305115,3.91000008583069,0,10,20,301,749,2896,false,1,343,360,Saturday,7
2873212765,2016-04-30,8452,5.67999982833862,5.67999982833862,0,0.330000013113022,1.08000004291534,4.26000022888184,0.00999999977648258,5,20,248,1167,1830,false,,,,Saturday,7
2873212765,2016-04-04,9713,6.53000020980835,6.53000020980835,0,0.340000003576279,0.889999985694885,5.28999996185303,0,6,24,355,1055,2046,false,,,,Monday,2
1644430081,2016-04-05,9921,7.21000003814697,7.21000003814697,0,0.340000003576279,1.51999998092651,5.3600001335144,0,5,35,219,1181,3098,false,,,,Tuesday,3
3372868164,2016-04-14,8844,6.03000020980835,6.03000020980835,0,0.340000003576279,1.02999997138977,4.65000009536743,0.00999999977648258,6,25,370,1039,2065,false,,,,Thursday,5
4558609924,2016-04-23,6890,4.55000019073486,4.55000019073486,0,0.340000003576279,0.200000002980232,4.01000022888184,0,5,5,308,1122,2085,false,,,,Saturday,7
4702921684,2016-05-04,8161,6.61999988555908,6.61999988555908,0,0.340000003576279,0.730000019073486,5.53999996185303,0,4,15,251,757,3004,false,1,412,434,Wednesday,4
4388161847,2016-05-09,10218,7.8600001335144,7.8600001335144,0,0.340000003576279,0.730000019073486,6.78999996185303,0,6,19,258,1020,3013,false,1,62,65,Monday,2
8583815059,2016-04-05,6835,5.32999992370605,5.32999992370605,0,0.370000004768372,0.730000019073486,4.23999977111816,0,5,15,212,1208,2786,false,,,,Tuesday,3
2873212765,2016-04-07,9353,6.30999994277954,6.30999994277954,0,0.370000004768372,0.689999997615814,5.23999977111816,0,5,17,363,1055,2035,false,,,,Thursday,5
4388161847,2016-04-21,10055,7.73000001907349,7.73000001907349,0,0.370000004768372,0.389999985694885,6.98000001907349,0,7,12,272,853,3069,false,1,442,458,Thursday,5
4702921684,2016-05-07,14370,11.6499996185303,11.6499996185303,0,0.370000004768372,2.30999994277954,8.97000026702881,0,5,46,439,577,3683,false,1,520,543,Saturday,7
3977333714,2016-05-11,746,0.5,0.5,0,0.370000004768372,0,0.129999995231628,0,4,0,9,13,52,false,,,,Wednesday,4
8583815059,2016-05-11,8701,6.78999996185303,6.78999996185303,0,0.370000004768372,3.24000000953674,3.17000007629395,0,5,71,177,1106,2804,false,,,,Wednesday,4
